simulation_id,seed
1,114060684
2,143607338
3,658016613
4,1920833001
5,1625018798
6,1839658157
7,1370607936
8,1314768563
9,1516846533
10,899342927
11,1761721496
12,1792449689
13,1252576877
14,638180912
15,516347111
16,86660098
17,1034123048
18,390694563
19,1490082987
20,1456092804
21,997229159
22,1263980514
23,768208874
24,373428981
25,381249820
26,1284903395
27,434862591
28,97658014
29,635475302
30,570517315
31,1522425844
32,334529766
33,1689677234
34,1003823823
35,1509779901
36,1177694472
37,385288777
38,1001072044
39,1286760557
40,1140912467
41,1555416273
42,1474034037
43,137111195
44,1024637813
45,1326353220
46,494970826
47,731651807
48,1540310343
49,993191397
50,888645946
51,1275083899
52,325350618
53,1359272704
54,771243135
55,711658337
56,269452705
57,606543125
58,1932692493
59,242146162
60,1168033290
61,31958266
62,1568728817
63,1439161785
64,1906695950
65,1242884762
66,1710276959
67,132220905
68,1495285070
69,394844414
70,789471071
71,1892764424
72,1934145434
73,990151239
74,1074662341
75,156104011
76,797235942
77,972168406
78,1348839786
79,698188538
80,791108838
81,403883148
82,710543564
83,1797601493
84,1967703196
85,1923733879
86,739833527
87,804492295
88,934210400
89,185321431
90,1786919193
91,575051445
92,1371285413
93,1126953337
94,1121259717
95,216315433
96,930935935
97,811484639
98,740810404
99,403197343
100,1192106165
101,772550904
102,575732241
103,894693252
104,550727792
105,1359496507
106,740653377
107,629629217
108,374124741
109,1059541760
110,954588088
111,1586438697
112,784270229
113,1578773863
114,1058308753
115,1978910505
116,216543192
117,1945775820
118,1302600080
119,1742466878
120,751378428
121,386269120
122,366873136
123,1013297838
124,874978739
125,1686183810
126,1627944037
127,1321133804
128,545998689
129,1978744775
130,1923615736
131,366007084
132,742319992
133,652069285
134,952361803
135,1000302400
136,112695264
137,1755368683
138,1879225799
139,1645021846
140,1692819911
141,1977404917
142,1349280720
143,567968962
144,621963689
145,1818900988
146,1095872164
147,488521691
148,1908025774
149,1719974385
150,1574105644
151,1309946032
152,1788701664
153,231366416
154,263675179
155,860534965
156,326891108
157,1070380377
158,1838360438
159,1248734241
160,1962736829
161,1485505409
162,1006950022
163,155244310
164,31790631
165,822635239
166,910564498
167,128553786
168,1975644865
169,1234439346
170,1059755152
171,103513018
172,495819282
173,1774212107
174,288122337
175,1958430797
176,1678944200
177,1891561387
178,264143363
179,1138909452
180,1730531773
181,1781149385
182,1423108712
183,837798472
184,1528269349
185,90126470
186,1712928150
187,743441196
188,1030267067
189,977180436
190,1431507009
191,1574734284
192,1165303961
193,633656551
194,1474025376
195,1434970350
196,1692182035
197,1622335082
198,1859814127
199,267561047
200,629107183
201,474298205
202,850798102
203,590817081
204,1746335756
205,1872989208
206,804949025
207,1872847745
208,984567596
209,1774144711
210,903676219
211,23349195
212,1892723159
213,1078336587
214,186928927
215,167660654
216,440517929
217,1334663611
218,1259625587
219,534792554
220,933993486
221,1629087865
222,1653247430
223,645014130
224,1855574470
225,1381481713
226,1131030093
227,336919983
228,554042111
229,322380046
230,1536924958
231,1063821722
232,678315211
233,1938479326
234,739792730
235,347449217
236,721858523
237,1264165735
238,1256789230
239,898106774
240,1533148802
241,900190567
242,1613002919
243,649457566
244,1276121680
245,1665393565
246,1369981465
247,276398933
248,65207241
249,196487106
250,1913732435
251,227484107
252,1035640647
253,514172250
254,638886941
255,783322307
256,702314994
257,288711894
258,1234703728
259,1699166247
260,1975830759
261,145002190
262,303995807
263,1982659234
264,1639083471
265,589387644
266,662657124
267,1373770374
268,1545575520
269,1630957250
270,1001694163
271,255244298
272,608351400
273,1170458239
274,827175304
275,1314395807
276,1477499130
277,1845845779
278,1063947998
279,1455248911
280,260246116
281,499309999
282,40639920
283,292652222
284,1723216414
285,1296292962
286,404466756
287,1465216555
288,418016361
289,952902855
290,1660565154
291,786578671
292,352086453
293,1989698667
294,1214179814
295,550669570
296,1316913579
297,1756590889
298,1859991251
299,1470515134
300,715463569
301,1069173321
302,1789000058
303,332483067
304,1607832983
305,792978122
306,919916103
307,1093793780
308,1182954034
309,1488467372
310,76485266
311,1466910285
312,1403775196
313,656048747
314,949573323
315,1265025371
316,987850053
317,1771857680
318,1115013017
319,203259359
320,1577139062
321,1787396848
322,1366882248
323,1786976665
324,1731261374
325,1880454795
326,1492491198
327,618798199
328,158901737
329,98619251
330,703812754
331,93976710
332,1752722108
333,128904428
334,1471620649
335,293579886
336,1471504450
337,1131833660
338,1869044563
339,202118441
340,71416046
341,1221334488
342,1654066231
343,162554398
344,552192620
345,1435112132
346,1050070840
347,543190418
348,981241901
349,988428147
350,1350393164
351,631263981
352,1944788163
353,1606601513
354,731599690
355,1727605548
356,1569093700
357,1296694202
358,1668166977
359,263761038
360,136534832
361,1291569168
362,187846497
363,2126461
364,460485968
365,1466828630
366,536884116
367,1063438437
368,1613600706
369,1443593855
370,1550536939
371,1138192871
372,387103592
373,1368324598
374,1346937792
375,176052031
376,789025485
377,1917650705
378,445051007
379,1789738893
380,1107685028
381,142196695
382,1281796317
383,1021626162
384,1102597568
385,1085524582
386,627583733
387,1219194634
388,1215707079
389,985071728
390,1332446553
391,740405347
392,1147502528
393,1955094216
394,1466387244
395,1122151091
396,1470387443
397,1733113465
398,1071267125
399,818809924
400,1929367942
401,1500518376
402,91760700
403,1581296788
404,1721460073
405,1718735799
406,703194960
407,1542791931
408,1849990100
409,1054804354
410,1929573755
411,1989611825
412,41034349
413,84303879
414,44104653
415,18494292
416,781872345
417,1137401006
418,1579980801
419,261152018
420,778558319
421,180753752
422,1114130836
423,332272124
424,1037156592
425,1187592062
426,909410098
427,561259611
428,1314055992
429,846802143
430,1961939044
431,886229434
432,1974197230
433,1645209614
434,1280967972
435,755003283
436,638087352
437,183148445
438,349816369
439,55787659
440,262907644
441,321082665
442,1931343111
443,841539795
444,949750024
445,137620868
446,638107141
447,690040520
448,374643551
449,426518908
450,801442020
451,1734092840
452,1369674369
453,899380975
454,1319478870
455,1095195171
456,1375095096
457,1166125029
458,1770775785
459,196295612
460,576094198
461,1033367389
462,1120607722
463,1149069758
464,1444727222
465,634808628
466,587266534
467,615736394
468,1645589459
469,516166588
470,795886174
471,978895714
472,1393211628
473,785180770
474,508568474
475,236727569
476,1974790040
477,1982446127
478,1361454865
479,1665596872
480,888937054
481,259576533
482,942697413
483,898880671
484,305498033
485,756043228
486,631748925
487,219180788
488,1337202144
489,367740710
490,1363643623
491,183993897
492,1971019045
493,1311265575
494,1045288254
495,857255104
496,1111533996
497,1798246300
498,1654124345
499,1637161756
500,759312679
501,916867989
502,1445038821
503,1985779042
504,978449976
505,278261466
506,1801421518
507,231809339
508,768386428
509,1169481785
510,338892039
511,1404763167
512,960665107
513,1702458499
514,1129657952
515,1563996364
516,847860246
517,1227734796
518,1684339101
519,1839835996
520,1312776705
521,778081315
522,574467146
523,1663618510
524,1735347004
525,606165002
526,229755183
527,1480069091
528,88731288
529,1781022385
530,1689957197
531,961013212
532,365183904
533,1789249463
534,1959285819
535,808634425
536,1073314067
537,1633388314
538,140661264
539,211734198
540,421022140
541,590306848
542,345478199
543,504673935
544,99528225
545,73062751
546,366335889
547,547466308
548,1406766511
549,183728779
550,768773383
551,294349981
552,689203751
553,1476266354
554,856796559
555,1339599137
556,1849139800
557,939062391
558,117725909
559,1583493709
560,355747948
561,769894999
562,1464637733
563,850214153
564,1069514581
565,1346826023
566,1841242541
567,944111162
568,926253766
569,303979910
570,765550327
571,831133873
572,123807490
573,612704809
574,618802249
575,1500270586
576,952618850
577,1717179159
578,1367507266
579,679507525
580,181478660
581,1557813871
582,918290550
583,1373582836
584,53563539
585,1270827319
586,1528160402
587,836519957
588,1179796660
589,846989369
590,517054076
591,395793397
592,880164618
593,1111903379
594,1620794056
595,1758817480
596,651714140
597,1292023802
598,92160412
599,861216926
600,1941051600
601,370956079
602,1731155711
603,581278697
604,916809888
605,614940893
606,956226240
607,1897240041
608,659366770
609,1672859274
610,1810248192
611,1639497742
612,542221753
613,120024468
614,491398760
615,1003481254
616,533131968
617,1365900094
618,1010990029
619,1921924061
620,753165978
621,229880042
622,1092559623
623,409214115
624,1982206335
625,1891090276
626,455590796
627,1056280396
628,599459431
629,1010499305
630,644464065
631,377946584
632,288795311
633,1202243897
634,629023405
635,1699358286
636,1728741768
637,1318721149
638,1979111629
639,349992244
640,150805056
641,1481454902
642,293224680
643,1611443938
644,434749599
645,799585244
646,818958224
647,905023842
648,679949478
649,1623259216
650,527659868
651,210637676
652,623277249
653,56591462
654,394856818
655,1884872723
656,1177067325
657,318686251
658,943929519
659,1360863564
660,1013365073
661,1077470987
662,1743598294
663,570421484
664,1641633881
665,629054975
666,1934468642
667,693423049
668,1385003203
669,1108624151
670,234045295
671,41514710
672,1516014321
673,117938382
674,1895079880
675,795512226
676,799144446
677,1749459221
678,418870642
679,1524563421
680,1266292116
681,1861592301
682,1933080072
683,1628174527
684,1980559969
685,491120298
686,1525934424
687,1248669866
688,646738120
689,544952769
690,223272916
691,1115369041
692,1150283673
693,1621461513
694,1495003883
695,711186673
696,1603017104
697,907180391
698,1441412862
699,895887232
700,1604922643
701,1751619345
702,1303649467
703,289166205
704,209229015
705,248408676
706,1488158064
707,183499164
708,163032133
709,524647269
710,671374691
711,1376022174
712,491463984
713,1029998730
714,1456617414
715,1212917325
716,1920351869
717,1122093184
718,828838654
719,376469164
720,1750443915
721,1451228675
722,42243309
723,89151764
724,1763809220
725,720604327
726,382472290
727,388042900
728,1965159147
729,606376733
730,749934320
731,444550332
732,586868250
733,601418818
734,164156493
735,1914096463
736,1742433668
737,9752774
738,1345254788
739,1409749860
740,1821702801
741,874154508
742,22674576
743,257866850
744,1139905741
745,1761161078
746,1681731943
747,585720276
748,1782029884
749,27381559
750,1431428338
751,1035127316
752,894918415
753,1508462064
754,602991625
755,1803314369
756,1610742306
757,675091901
758,1938318118
759,1509226769
760,1322111884
761,361879336
762,1699952165
763,723092017
764,1191778546
765,1505356178
766,209215465
767,1739624097
768,1883254162
769,1058187170
770,1510200884
771,591207566
772,1811196935
773,769301405
774,1491907152
775,353151508
776,1397245140
777,713243170
778,1424286885
779,452167250
780,1061768896
781,382032681
782,359904331
783,57663089
784,373216751
785,798531808
786,262828518
787,1585300247
788,1013463475
789,301381574
790,406222963
791,918341956
792,1678741347
793,970577535
794,802770944
795,1565640251
796,646039254
797,966108048
798,392653134
799,397933611
800,1664998078
801,7086699
802,1793932480
803,67713787
804,745606167
805,112230777
806,1886989057
807,378966150
808,801340939
809,1726302256
810,371530208
811,1686456408
812,1387660813
813,1867967279
814,794469425
815,471341613
816,108228786
817,482800709
818,1132560346
819,320909862
820,1472480053
821,1505598145
822,1847105214
823,1461549091
824,650540870
825,145895869
826,1802041075
827,342293448
828,5058010
829,1780050312
830,197991706
831,1904738004
832,1522833787
833,235519562
834,972599363
835,1752107860
836,685025365
837,203451474
838,1875179164
839,1969263414
840,419844955
841,1329219990
842,1688253632
843,1222077279
844,157194786
845,1564160307
846,1875180614
847,147027085
848,56905582
849,1342102072
850,1617976869
851,901678405
852,1782124529
853,114662715
854,1818265394
855,612634672
856,1339089074
857,1511731468
858,908959593
859,357167870
860,773107727
861,208489595
862,353909439
863,855032581
864,1966626348
865,331332345
866,831068448
867,795187266
868,1994035124
869,883779552
870,226978598
871,1220822734
872,68456620
873,1870209894
874,849624068
875,1150703220
876,45314668
877,1877581437
878,1777856269
879,274052784
880,1364845143
881,422170033
882,988629153
883,1896808948
884,264088186
885,1335333546
886,749691008
887,1467742707
888,346292098
889,686676876
890,1760570056
891,1841187992
892,1502161612
893,1503107077
894,360714252
895,1976124282
896,1501671729
897,812997473
898,156937217
899,1606313452
900,419950126
901,517391176
902,774439022
903,792949026
904,1859433479
905,1697194064
906,1528977301
907,142612099
908,1611130505
909,594275452
910,766527075
911,1192790808
912,424567406
913,575471338
914,1313977441
915,627886941
916,105074714
917,1190827182
918,1267260484
919,1264419274
920,809016871
921,526673274
922,807558761
923,1781223301
924,600617166
925,1899232882
926,139756249
927,689781228
928,1643577269
929,1329649356
930,1016803540
931,1642964023
932,1743130448
933,365502853
934,479101033
935,1332506382
936,1337739203
937,1578220515
938,411006328
939,633203087
940,327385882
941,1511932701
942,1050163659
943,618608165
944,1219342500
945,1960865063
946,1231971880
947,1645475790
948,954457399
949,898914933
950,1165659832
951,1841940267
952,1489740219
953,1310508765
954,175981225
955,1876092438
956,395170625
957,1681392960
958,1476684418
959,1325230199
960,1532921773
961,1814810737
962,610289315
963,973180753
964,802133456
965,475194281
966,581578571
967,121479865
968,408265355
969,722961494
970,1776140508
971,753969778
972,1302183289
973,1682244793
974,1821354650
975,1625902199
976,1497095757
977,1203383661
978,843322721
979,1541783261
980,174006550
981,1414707752
982,1082332661
983,651921917
984,1102466246
985,791119431
986,1932859210
987,1186244212
988,1578896746
989,1771813903
990,199596942
991,1936957775
992,1014036718
993,486677181
994,228858288
995,1058054260
996,1417593418
997,1464034387
998,1597200085
999,680978442
1000,607421214
1001,1434684663
1002,9868793
1003,1023516528
1004,237599915
1005,1283130386
1006,641288141
1007,1977749313
1008,384039266
1009,1780545102
1010,1619140712
1011,1498216697
1012,110980355
1013,111250783
1014,1233854412
1015,799050371
1016,1307940568
1017,633733470
1018,1318647749
1019,39143315
1020,1843791375
1021,147706866
1022,1622078092
1023,1503655418
1024,1498286588
1025,1716193133
1026,1650829372
1027,1657229793
1028,1233168502
1029,893988725
1030,1505958703
1031,1512201339
1032,733876941
1033,1203852294
1034,1631847025
1035,1127175426
1036,1955218878
1037,163405214
1038,1050924051
1039,1457220022
1040,206581766
1041,509134570
1042,570359739
1043,1682490493
1044,293394378
1045,1074230126
1046,1189408807
1047,1365728139
1048,307722728
1049,1072562868
1050,1065827212
1051,903586541
1052,445254619
1053,591458587
1054,912611792
1055,1587809991
1056,353857748
1057,1655420252
1058,700394028
1059,1267091819
1060,220537956
1061,1425413283
1062,288158183
1063,1988448949
1064,758147875
1065,413444690
1066,200421903
1067,1825165747
1068,1330505204
1069,718734132
1070,1197489721
1071,1970103334
1072,1601571496
1073,1117071970
1074,1549323559
1075,751414328
1076,257525903
1077,798371436
1078,1501638565
1079,1114731297
1080,1060493087
1081,276666521
1082,1057927918
1083,236640221
1084,1799199313
1085,1822902402
1086,574934447
1087,247077584
1088,1674142422
1089,1101022394
1090,1620170052
1091,60287370
1092,291705097
1093,1891207463
1094,1361660635
1095,1838791383
1096,1874490845
1097,1686414093
1098,1050649328
1099,254617790
1100,1657483495
1101,130740605
1102,106836347
1103,1622628886
1104,1914413374
1105,1689341554
1106,133904256
1107,1297320219
1108,369661948
1109,1459851191
1110,1106172828
1111,1238666007
1112,136040647
1113,1128093027
1114,1212108555
1115,353134316
1116,1215476974
1117,1702102375
1118,483284479
1119,928325942
1120,852029870
1121,899757481
1122,888414498
1123,1516939490
1124,398972995
1125,1660866896
1126,1986141838
1127,434900776
1128,487043675
1129,333844584
1130,1844358489
1131,821329487
1132,1367684245
1133,106626866
1134,1337912929
1135,1388074331
1136,1057114896
1137,597549640
1138,431260066
1139,1170268020
1140,891886344
1141,1238071675
1142,846169054
1143,1970428843
1144,848543912
1145,1541682355
1146,57487132
1147,1776699928
1148,1146316115
1149,1071750738
1150,183827611
1151,1441057297
1152,309924533
1153,932169107
1154,511000391
1155,1134432650
1156,968306663
1157,557892654
1158,1146092550
1159,499750791
1160,582664872
1161,236707219
1162,1379642710
1163,365229587
1164,552236443
1165,668040419
1166,1184701399
1167,1472670780
1168,1006614901
1169,902733204
1170,835690458
1171,1491212960
1172,264207079
1173,1060900963
1174,698344881
1175,993946662
1176,1373917102
1177,30855228
1178,1109593375
1179,1774177637
1180,1337760391
1181,1557997226
1182,722550066
1183,506116600
1184,640993379
1185,1721152634
1186,123298319
1187,785585235
1188,1343015278
1189,1238841174
1190,1614605516
1191,1987219163
1192,108640960
1193,808373899
1194,1447327434
1195,437055596
1196,1120268229
1197,1469625419
1198,901785364
1199,1431393635
1200,1770266171
1201,659859173
1202,1693084445
1203,1222900015
1204,324047726
1205,1039908378
1206,1992024800
1207,1905399960
1208,1299382683
1209,376180155
1210,963886192
1211,729692525
1212,1175589016
1213,1450640960
1214,1956587597
1215,1781835231
1216,785627827
1217,61034514
1218,1543962669
1219,1551419819
1220,657411128
1221,1065664202
1222,612903791
1223,489176993
1224,1283270325
1225,1167461424
1226,203136960
1227,1934104803
1228,1829706961
1229,1524669166
1230,1162983136
1231,76767228
1232,175299319
1233,207533424
1234,1355222979
1235,1112338027
1236,368264543
1237,1629824546
1238,1281622935
1239,834508184
1240,443571506
1241,989676215
1242,760682226
1243,593457293
1244,1851850131
1245,814427968
1246,1087027828
1247,956833171
1248,568418029
1249,142957515
1250,687901789
1251,563908358
1252,142219008
1253,1494423511
1254,1068530171
1255,167990150
1256,959171973
1257,1336156795
1258,421174918
1259,134618178
1260,1116028956
1261,58544820
1262,1105412608
1263,133030871
1264,798270908
1265,1012293445
1266,795932103
1267,124594599
1268,1048422778
1269,1348398084
1270,940084994
1271,839876157
1272,1083464887
1273,1497921729
1274,288092942
1275,1877176674
1276,799062360
1277,1549461895
1278,963921362
1279,269536318
1280,585691763
1281,194886355
1282,1540003686
1283,1887319722
1284,77124487
1285,1891827067
1286,703406367
1287,464164984
1288,71422721
1289,748005627
1290,735757038
1291,679692611
1292,1710144354
1293,317585202
1294,1609176416
1295,743379279
1296,413074067
1297,1717936039
1298,313385921
1299,225528534
1300,1113821521
1301,1159254299
1302,193662328
1303,1254083252
1304,828372374
1305,944959580
1306,734856483
1307,1962127521
1308,918164834
1309,1289021499
1310,38423804
1311,1946135083
1312,1525982143
1313,786595769
1314,1922279510
1315,1179444513
1316,651366709
1317,1311782129
1318,1838132238
1319,1507738299
1320,118833051
1321,1324635132
1322,1700042604
1323,1484198881
1324,234743323
1325,1918264461
1326,1116007115
1327,49975538
1328,919956939
1329,486822742
1330,1088725392
1331,996731939
1332,693104394
1333,1221174407
1334,1810274322
1335,1404355662
1336,911257897
1337,14811103
1338,828053913
1339,1944240366
1340,1326399347
1341,39104726
1342,1093461284
1343,1909157334
1344,1048448116
1345,1757375404
1346,1852808131
1347,1305167392
1348,430844774
1349,1969323073
1350,766189306
1351,572575443
1352,43665397
1353,1622477691
1354,648335210
1355,1904108074
1356,895838093
1357,1125219863
1358,1462120585
1359,1764527321
1360,1120740741
1361,1697846498
1362,1053924845
1363,1300767014
1364,1366588629
1365,557869719
1366,722050535
1367,1690790494
1368,1325174490
1369,1025414190
1370,1837159762
1371,335618468
1372,862998113
1373,1391516623
1374,514826702
1375,560207529
1376,1674875228
1377,1586872890
1378,719544739
1379,630262848
1380,1104429832
1381,1881056776
1382,1697572736
1383,242871248
1384,1088919145
1385,1998796411
1386,1935195268
1387,319987937
1388,475006862
1389,1107137989
1390,1465737800
1391,1400322345
1392,89275435
1393,1938312924
1394,3479424
1395,1542041298
1396,345835599
1397,333398884
1398,1044883238
1399,1520656625
1400,1385664888
1401,1119459531
1402,1975569095
1403,1653408352
1404,1269825282
1405,94965373
1406,185411464
1407,871010204
1408,1663328427
1409,1500701407
1410,325191595
1411,687522197
1412,55308859
1413,259030620
1414,643265571
1415,748932496
1416,274060627
1417,636333915
1418,1043151541
1419,542182500
1420,183191502
1421,852427502
1422,336492506
1423,1529618264
1424,1945254156
1425,107155181
1426,1429327238
1427,1400498130
1428,709891480
1429,1118929664
1430,1088406874
1431,203287196
1432,476602795
1433,1842322924
1434,298263075
1435,1416539091
1436,1927966022
1437,274110297
1438,224126510
1439,450976171
1440,1478924976
1441,880032508
1442,1623781355
1443,1911834404
1444,1440913479
1445,390173269
1446,395270029
1447,1873958688
1448,1468043957
1449,727254217
1450,249123749
1451,77131334
1452,1861536520
1453,1038278064
1454,993906631
1455,1525364791
1456,1299832833
1457,1406635770
1458,180012570
1459,1541117727
1460,1208487785
1461,426960556
1462,320064152
1463,1205606388
1464,671738932
1465,656605838
1466,946504799
1467,1191524187
1468,1559963155
1469,228215433
1470,351136195
1471,1065433314
1472,62742297
1473,1143528371
1474,248509877
1475,1508293454
1476,1975576772
1477,974702944
1478,787428753
1479,4812199
1480,1113925932
1481,1098344315
1482,1723478559
1483,1274374078
1484,1433290052
1485,1551616888
1486,631721950
1487,1464006264
1488,1214231998
1489,1849227775
1490,66534289
1491,1148007416
1492,13664176
1493,617731889
1494,1526203314
1495,262972123
1496,1553710038
1497,456678215
1498,1806922882
1499,191945098
1500,755804644
1501,446308774
1502,1188274022
1503,432199651
1504,705720613
1505,1802521336
1506,1934091771
1507,809592694
1508,995656397
1509,1145480946
1510,242586130
1511,1324177485
1512,77548287
1513,575201767
1514,1010665434
1515,1666360962
1516,318542193
1517,1985134852
1518,1206781401
1519,1890596953
1520,759673603
1521,1833455915
1522,791979945
1523,638228139
1524,1083971810
1525,1143860541
1526,1518257884
1527,1927762399
1528,637187861
1529,1706390670
1530,1395848215
1531,1831417659
1532,711057740
1533,1442346714
1534,1883440261
1535,1560397243
1536,1123138654
1537,1265647588
1538,1855105378
1539,1052462308
1540,1216700018
1541,396920112
1542,1913907344
1543,1168503815
1544,1871660870
1545,1860121759
1546,268486256
1547,545256620
1548,657459587
1549,52287701
1550,1143414152
1551,1415825281
1552,1311542649
1553,1134722487
1554,1637424275
1555,836924874
1556,1505703243
1557,108825687
1558,52966668
1559,859461260
1560,1188923561
1561,1112814307
1562,1992669037
1563,1424240984
1564,941951967
1565,964237662
1566,1221898483
1567,841533215
1568,1449359495
1569,147730867
1570,649651676
1571,562920747
1572,89940985
1573,700349851
1574,1782206533
1575,444416911
1576,492113251
1577,1630717185
1578,1497643200
1579,236918066
1580,1620230373
1581,1866339431
1582,1201429734
1583,490415224
1584,1528543047
1585,643485409
1586,1188827798
1587,588209476
1588,1537866513
1589,278066241
1590,157186786
1591,851527852
1592,1559082514
1593,534906426
1594,1249661429
1595,1931384193
1596,170381533
1597,1334319429
1598,821294169
1599,45135263
1600,1059216550
1601,926752608
1602,1473641634
1603,1988276467
1604,588661263
1605,497238280
1606,776387602
1607,546467607
1608,1401105737
1609,950255367
1610,1158354464
1611,1651784016
1612,1991081656
1613,257350396
1614,1401308034
1615,1757144875
1616,558337479
1617,1921901773
1618,1067196813
1619,1874057448
1620,837477409
1621,1250154940
1622,1106981402
1623,1145595843
1624,1377290217
1625,1214795899
1626,125433568
1627,1172183571
1628,1521971103
1629,1899223647
1630,1857573121
1631,1160752860
1632,1014178464
1633,1255900111
1634,1024952689
1635,1799557969
1636,859460512
1637,1444320757
1638,707736020
1639,1511393878
1640,1163602200
1641,1491366078
1642,352536172
1643,1676074194
1644,1940012682
1645,921956016
1646,941184000
1647,713467290
1648,1899776599
1649,1563152399
1650,1468930393
1651,1370978346
1652,1341229889
1653,991445109
1654,1196088502
1655,1004365964
1656,1420485916
1657,1114511410
1658,20776761
1659,1177491761
1660,1870684293
1661,1953769355
1662,1990586830
1663,259572991
1664,882857221
1665,1140093016
1666,667578242
1667,778034129
1668,1015038368
1669,1614737898
1670,609458065
1671,1221711990
1672,930840535
1673,1603680593
1674,618098416
1675,1848318599
1676,1820705123
1677,897619702
1678,555286710
1679,809651516
1680,1501708616
1681,1899859349
1682,872370545
1683,491160162
1684,1966990818
1685,1812572350
1686,1535957995
1687,1018736088
1688,1837655996
1689,68186281
1690,473749348
1691,1056410897
1692,1963472790
1693,925046958
1694,1362667599
1695,1250413104
1696,1272093404
1697,322656687
1698,1896184443
1699,1568932060
1700,1928661443
1701,468368715
1702,1802226101
1703,1357397846
1704,264621855
1705,1568452145
1706,1788498206
1707,1519479691
1708,1021704717
1709,1866476870
1710,606747954
1711,1667279063
1712,803525476
1713,291241106
1714,1192047903
1715,135074999
1716,345555259
1717,1651261405
1718,1017166193
1719,761781229
1720,981551133
1721,1376136148
1722,1710693040
1723,545777842
1724,1315092975
1725,2791373
1726,80048021
1727,420112902
1728,1961391439
1729,91214080
1730,1242279722
1731,1495672189
1732,1727104770
1733,669348867
1734,1913522413
1735,376767985
1736,1774421568
1737,1736046277
1738,629633301
1739,123351929
1740,1904378072
1741,1948812680
1742,1158666692
1743,380454905
1744,188440447
1745,895208510
1746,665805168
1747,535545572
1748,1082551594
1749,1091904785
1750,698093687
1751,662004744
1752,1806138303
1753,1012661540
1754,1291227889
1755,1241124612
1756,1477595936
1757,494581968
1758,1728969444
1759,1996535036
1760,1011433991
1761,1156995824
1762,1501609631
1763,1204288807
1764,718615549
1765,621557060
1766,1647010521
1767,152132423
1768,1516459348
1769,1469714404
1770,853537922
1771,762339243
1772,1333198963
1773,1866949605
1774,1239441799
1775,201005541
1776,941043606
1777,1376331482
1778,968860317
1779,1647875104
1780,304819429
1781,676683458
1782,1774508704
1783,519366170
1784,450077079
1785,356107859
1786,1838878137
1787,780062318
1788,297008011
1789,208009975
1790,1187148358
1791,887899153
1792,52283614
1793,860250015
1794,93158555
1795,764641413
1796,930050473
1797,1023119220
1798,1614315008
1799,144993716
1800,803721104
1801,1925662870
1802,1803918560
1803,64344148
1804,1928696917
1805,221753698
1806,1445152825
1807,448749
1808,1826813219
1809,370789068
1810,804650118
1811,1529536007
1812,903412942
1813,1864761005
1814,297724930
1815,801282727
1816,1277563995
1817,1784911274
1818,142396514
1819,684369551
1820,494728787
1821,281545496
1822,905329434
1823,804138291
1824,145168704
1825,1085877604
1826,1789629501
1827,1071749854
1828,664169901
1829,603997585
1830,1470617832
1831,171413313
1832,1040826817
1833,222563086
1834,589533757
1835,661856273
1836,1649956605
1837,1181738728
1838,137089755
1839,1623552523
1840,549606556
1841,1920091817
1842,1361364372
1843,1003265396
1844,1226138011
1845,1147443395
1846,395163902
1847,646698735
1848,1012814672
1849,1498815579
1850,980773279
1851,1541017818
1852,1060091141
1853,650424181
1854,171814080
1855,839997958
1856,1841854887
1857,22881287
1858,1878020988
1859,587208114
1860,1510983202
1861,1882553320
1862,418924002
1863,1384625372
1864,808550088
1865,1657416182
1866,1228938675
1867,1017458764
1868,1016602157
1869,1155303433
1870,1729821797
1871,432704655
1872,1349582443
1873,352671541
1874,1235417792
1875,634659517
1876,1885114451
1877,1503788429
1878,539699912
1879,760048720
1880,612025457
1881,1559783549
1882,1421375823
1883,551527545
1884,481627799
1885,1475965542
1886,1842513537
1887,1410015911
1888,114873104
1889,1756095000
1890,577113490
1891,252793121
1892,561274743
1893,733893359
1894,1179767611
1895,607214732
1896,850074231
1897,443062367
1898,1986148230
1899,1293123447
1900,707566545
1901,301229171
1902,1895120646
1903,211180648
1904,93938906
1905,1309449496
1906,1023575866
1907,111830663
1908,1936559414
1909,1002685358
1910,825679210
1911,238189715
1912,1692062888
1913,740136337
1914,627464992
1915,1650280067
1916,1240933043
1917,173486028
1918,1133084462
1919,1228835086
1920,1096293387
1921,874829646
1922,1054815334
1923,1989502908
1924,1497538052
1925,1490540672
1926,476827870
1927,162503138
1928,1457770347
1929,309808474
1930,71438821
1931,965741149
1932,152215926
1933,1541656134
1934,1516481679
1935,1941262311
1936,1920453958
1937,1277197732
1938,1684759936
1939,123719372
1940,1671194015
1941,778886213
1942,11396674
1943,1431866102
1944,882794032
1945,350205889
1946,1865772262
1947,1878859191
1948,521294200
1949,1128900012
1950,1464879449
1951,1088990813
1952,1471020856
1953,77552262
1954,814313732
1955,1561036069
1956,1935320221
1957,1743112464
1958,409390987
1959,485287227
1960,1726647014
1961,1715669680
1962,1564159603
1963,1577724233
1964,1222163716
1965,1541738857
1966,89356676
1967,271291107
1968,1650087289
1969,269281035
1970,1151913058
1971,1908195838
1972,247902073
1973,166705934
1974,1681468928
1975,110798381
1976,916039994
1977,401670339
1978,808422139
1979,1240038823
1980,1864349548
1981,1315814713
1982,1378304450
1983,1610798178
1984,1824809852
1985,824878003
1986,1726945161
1987,761428679
1988,965983582
1989,1840672765
1990,99179694
1991,907227990
1992,368806797
1993,1732316470
1994,1725601752
1995,1262387183
1996,100174929
1997,163141055
1998,25814564
1999,1660836448
2000,939846710
2001,667437689
2002,1315711864
2003,15182064
2004,1819415947
2005,975568499
2006,881094203
2007,119594848
2008,1779873010
2009,1746574600
2010,53420160
2011,1119428460
2012,1737801158
2013,529222135
2014,793235139
2015,466410986
2016,248924063
2017,1036618323
2018,351253804
2019,923851323
2020,823190861
2021,207860122
2022,1843304126
2023,402466785
2024,1641561380
2025,1437954013
2026,412424282
2027,66003880
2028,560732433
2029,364916941
2030,1829990992
2031,235991504
2032,306398366
2033,803107847
2034,1838747389
2035,906732913
2036,1555419650
2037,82009739
2038,1817327971
2039,664660813
2040,1046703741
2041,891625657
2042,1310460870
2043,1090211106
2044,1233550996
2045,1929109378
2046,88614387
2047,1822621816
2048,276650928
2049,259785368
2050,1156927873
2051,804599908
2052,1782886264
2053,29875207
2054,1133623344
2055,1526350601
2056,774404012
2057,1477455705
2058,1207315667
2059,1862614215
2060,485965631
2061,238462867
2062,1220688816
2063,926599359
2064,1569446867
2065,1476528551
2066,1123968285
2067,224934005
2068,875949919
2069,944789234
2070,331821028
2071,596419678
2072,1224990174
2073,1675251804
2074,1623879297
2075,1720344358
2076,1489964694
2077,1447632741
2078,659042780
2079,573150378
2080,717874454
2081,732280917
2082,1424726302
2083,1977115997
2084,508532096
2085,897799992
2086,828541533
2087,1592949374
2088,992524290
2089,168635422
2090,1095396636
2091,1073450236
2092,1640638412
2093,1336479571
2094,1568381878
2095,1189496501
2096,1933428341
2097,155659609
2098,875068249
2099,762806714
2100,1782990576
2101,1785557878
2102,1966654116
2103,674146598
2104,58115238
2105,518705469
2106,1836418371
2107,253837868
2108,1721818974
2109,464249044
2110,259572777
2111,1384722164
2112,1606549759
2113,1192487120
2114,708396289
2115,158285577
2116,1803358898
2117,1098397209
2118,1342136115
2119,1921572087
2120,1918619685
2121,702522695
2122,1744949108
2123,1928241983
2124,720642826
2125,545731069
2126,377589374
2127,71778290
2128,1312842240
2129,1848354487
2130,1369791919
2131,1475975429
2132,924494639
2133,203974932
2134,1789277235
2135,1385762265
2136,1692319359
2137,80415399
2138,351874119
2139,1303730425
2140,272172784
2141,367743570
2142,1495142521
2143,293233575
2144,1401451573
2145,1920749784
2146,752614087
2147,797767970
2148,1934747925
2149,1658214686
2150,1718417586
2151,101562953
2152,1185147629
2153,378242849
2154,131787711
2155,1750108647
2156,1425689028
2157,1289799527
2158,97291411
2159,1238523576
2160,147053087
2161,1790535810
2162,807646602
2163,1567731951
2164,288401347
2165,854723762
2166,1806125239
2167,1392488768
2168,181985558
2169,985750267
2170,1943225199
2171,126415205
2172,405673353
2173,609508001
2174,1405269179
2175,634193843
2176,1189402257
2177,1810953784
2178,678523582
2179,1187647116
2180,1592207049
2181,60316470
2182,1978451617
2183,1833996960
2184,1339133161
2185,535648219
2186,1096585893
2187,1753954750
2188,410732427
2189,1674134527
2190,1240593812
2191,5852484
2192,1562083517
2193,569339927
2194,1849075677
2195,295463333
2196,949129288
2197,236010514
2198,1147627710
2199,357766263
2200,1240344296
2201,1997993006
2202,1123869290
2203,1373845388
2204,1650844595
2205,829543942
2206,872520085
2207,488751235
2208,565047074
2209,1909722962
2210,123266393
2211,1686845028
2212,52678323
2213,694887480
2214,869659567
2215,1514920776
2216,404912558
2217,1524583386
2218,1602197935
2219,7285300
2220,428559599
2221,1153347027
2222,805206040
2223,1406908769
2224,1728702123
2225,69493423
2226,244391228
2227,500905045
2228,1973331342
2229,1113324906
2230,1456343565
2231,1178335293
2232,1766098620
2233,443602455
2234,386645835
2235,1369097485
2236,1396073663
2237,691281809
2238,1101968580
2239,1974227122
2240,1249253078
2241,127117011
2242,705438286
2243,77719399
2244,300897260
2245,1908227076
2246,667879394
2247,1580998340
2248,1723203180
2249,1647897549
2250,1862491121
2251,1115185495
2252,738426503
2253,336970659
2254,1049067502
2255,1756119207
2256,1978462376
2257,460831719
2258,1431885937
2259,516930126
2260,1969831173
2261,1072111911
2262,1510190238
2263,724162511
2264,1383753998
2265,1298882826
2266,600919438
2267,34896259
2268,786857342
2269,234449335
2270,1062828638
2271,395486655
2272,925927238
2273,1166203280
2274,942705367
2275,692516418
2276,1424579560
2277,838813728
2278,525900101
2279,288924738
2280,132058279
2281,1132654680
2282,333502601
2283,197084287
2284,1769212266
2285,778056536
2286,1563157564
2287,469455523
2288,858227707
2289,1463355208
2290,603941132
2291,245602017
2292,1827258433
2293,102813860
2294,643063554
2295,1779953556
2296,331843740
2297,245211002
2298,1845645930
2299,1797937608
2300,839480307
2301,512606847
2302,35522681
2303,1335413893
2304,679077658
2305,1185365625
2306,763922796
2307,1908970852
2308,1861856686
2309,1323456747
2310,579158766
2311,1149477984
2312,749998824
2313,1969867610
2314,90363568
2315,646261394
2316,1346710275
2317,244637358
2318,858066162
2319,144120783
2320,1354303722
2321,120443130
2322,1697078239
2323,1105721897
2324,2681689
2325,188042483
2326,325836825
2327,1361119115
2328,717855700
2329,1635330772
2330,578783444
2331,70657942
2332,1586369928
2333,392119440
2334,1942410072
2335,1647744870
2336,880569031
2337,343970640
2338,922202724
2339,1492286756
2340,802182762
2341,365263369
2342,1502740782
2343,798774666
2344,284469797
2345,1598837591
2346,445186120
2347,816000028
2348,838423889
2349,1987674976
2350,217029947
2351,572332807
2352,922149729
2353,706257892
2354,424400204
2355,360581386
2356,245602042
2357,1400559671
2358,697574768
2359,1843644956
2360,1299796541
2361,1287008183
2362,486956887
2363,807530681
2364,1900091887
2365,92248215
2366,508155092
2367,1790741216
2368,558724722
2369,69234477
2370,1858109739
2371,1523271990
2372,1684228932
2373,1840025938
2374,1542824009
2375,805555230
2376,1575553473
2377,740475782
2378,1311944847
2379,145659928
2380,779188829
2381,1988559577
2382,1183744928
2383,801498429
2384,1167148394
2385,1425603072
2386,464739775
2387,1896869692
2388,1478085146
2389,1570112689
2390,59620834
2391,913349466
2392,602636659
2393,552861258
2394,915337844
2395,60231739
2396,1401002940
2397,329919082
2398,1840884012
2399,734237538
2400,1038044477
2401,650809222
2402,747453761
2403,1401884512
2404,39394144
2405,812023901
2406,841316322
2407,53218311
2408,583292813
2409,1058798652
2410,1459849516
2411,956024271
2412,15439220
2413,605854875
2414,100309006
2415,646133558
2416,1122504323
2417,976742010
2418,1447902499
2419,44197580
2420,1786217820
2421,935355808
2422,994743024
2423,1008932325
2424,1643393910
2425,1255240190
2426,1842560377
2427,10684312
2428,1093511122
2429,825531570
2430,1700744485
2431,1169575765
2432,711800402
2433,1489128772
2434,654784164
2435,1720922053
2436,1795044066
2437,729846133
2438,844045137
2439,1553664928
2440,1739921378
2441,540673
2442,98747260
2443,1602538957
2444,1518280558
2445,919664475
2446,260085339
2447,116599378
2448,1692159917
2449,1455707362
2450,1291106955
2451,1321180444
2452,813713021
2453,1437060533
2454,251268081
2455,1598731139
2456,962775011
2457,1371007738
2458,1442682912
2459,1880823392
2460,544435957
2461,372927503
2462,1063424472
2463,939473361
2464,981264475
2465,684039950
2466,231608726
2467,8657256
2468,287715998
2469,1528856881
2470,253871596
2471,1103880557
2472,312868722
2473,780917279
2474,183808078
2475,1838017936
2476,1496437098
2477,1275787575
2478,256658640
2479,951572761
2480,1301838151
2481,105052286
2482,125117486
2483,1381230972
2484,1422923241
2485,65834824
2486,631961153
2487,26073716
2488,617660334
2489,62728263
2490,1551734781
2491,872789341
2492,1207293613
2493,1985038761
2494,1221451202
2495,1178659924
2496,1414318704
2497,1236637894
2498,35851767
2499,862169376
2500,25509368
2501,1515444939
2502,711117744
2503,63122062
2504,79165674
2505,108906660
2506,563663644
2507,347093913
2508,305729273
2509,1738669566
2510,1394530407
2511,1759358764
2512,521532085
2513,22065273
2514,1664266243
2515,659024119
2516,940720357
2517,203840322
2518,1506191581
2519,1403764899
2520,609435244
2521,972363304
2522,475137549
2523,1972017607
2524,807440800
2525,1236456994
2526,864958681
2527,1342216820
2528,192801445
2529,1490148774
2530,1386945166
2531,559019050
2532,1351141026
2533,576883173
2534,1296666131
2535,205675369
2536,1871632802
2537,961573146
2538,1307540290
2539,212174873
2540,1210375345
2541,481583442
2542,184384483
2543,333396084
2544,187988923
2545,1030142011
2546,744910990
2547,1963523434
2548,773696396
2549,1126676893
2550,1598886268
2551,541064093
2552,1383296695
2553,1325374637
2554,1285954579
2555,1115098428
2556,23278526
2557,480185232
2558,246626670
2559,705450498
2560,1898624984
2561,1161201255
2562,418105984
2563,526506980
2564,1644828526
2565,1136600683
2566,396428959
2567,1937093082
2568,974395582
2569,1926575753
2570,975056068
2571,366577488
2572,130529785
2573,1076444616
2574,132892442
2575,1504667854
2576,1934337641
2577,577584373
2578,1918081086
2579,820408275
2580,882615559
2581,1637732933
2582,1595893558
2583,974753452
2584,1700859575
2585,1136389514
2586,1170449319
2587,819805063
2588,1759243175
2589,916405157
2590,365886992
2591,1872892031
2592,1345370889
2593,1196497843
2594,196953496
2595,430365652
2596,1152297425
2597,1166160873
2598,1067362437
2599,1325976355
2600,1057490959
2601,664801484
2602,1260534529
2603,1240332489
2604,1666327803
2605,777534101
2606,77954765
2607,236682860
2608,974130491
2609,91908670
2610,148104918
2611,1527496688
2612,1530216174
2613,73877235
2614,485460402
2615,1927878968
2616,1407984602
2617,433635213
2618,1540682753
2619,220350949
2620,1073220688
2621,1046876487
2622,665300746
2623,774530541
2624,133446664
2625,80328885
2626,92286642
2627,1862664926
2628,1778537577
2629,401302718
2630,458309333
2631,860744041
2632,975303778
2633,1756684626
2634,1790682923
2635,1680227885
2636,1346697944
2637,1985027697
2638,1221561989
2639,1095199127
2640,281300207
2641,1627645465
2642,1236707607
2643,1163333038
2644,450489311
2645,1458653167
2646,522026057
2647,948930099
2648,349544773
2649,751608923
2650,649923927
2651,1787098101
2652,569638729
2653,1102208818
2654,768189328
2655,803201759
2656,1696086010
2657,1393269450
2658,355232775
2659,833076481
2660,656801468
2661,1852546655
2662,1409921171
2663,1979839207
2664,111853614
2665,1259883016
2666,831992711
2667,158221511
2668,1840777644
2669,1398064318
2670,1192674971
2671,1287287864
2672,1613451602
2673,1767936181
2674,727081045
2675,526664382
2676,1937572885
2677,850051338
2678,1581275541
2679,647497398
2680,512999103
2681,1240221755
2682,383826823
2683,1263351510
2684,1076867753
2685,539397298
2686,1180009765
2687,1242782983
2688,841042652
2689,780548216
2690,420697969
2691,681711147
2692,1952702881
2693,1793184275
2694,1659866625
2695,1877126843
2696,1212309745
2697,173328481
2698,1375120802
2699,872012229
2700,1859013984
2701,1316056253
2702,546066612
2703,1221734743
2704,485539972
2705,597080470
2706,734489021
2707,645887647
2708,1299753099
2709,1082757538
2710,111247531
2711,1818188036
2712,1487532687
2713,286819708
2714,292933039
2715,348478342
2716,1572116227
2717,704773096
2718,1317943605
2719,827692155
2720,377254523
2721,1266616215
2722,316865198
2723,1032845326
2724,1187628298
2725,862643697
2726,895897013
2727,578762312
2728,85092905
2729,497630391
2730,202968086
2731,1894227873
2732,1839317695
2733,1192876115
2734,505390132
2735,21511181
2736,1542964030
2737,356800565
2738,1074445810
2739,1313856779
2740,585374037
2741,984989464
2742,55744898
2743,767522898
2744,83183405
2745,1204295446
2746,1337775976
2747,1580853315
2748,264958616
2749,1330225238
2750,1270462012
2751,314155665
2752,1566402890
2753,662223589
2754,1364567478
2755,560767581
2756,1182701648
2757,1343313437
2758,1557119830
2759,999114876
2760,1196708983
2761,1215646237
2762,417342515
2763,11254092
2764,591168478
2765,1827841206
2766,501615605
2767,1477230253
2768,593980983
2769,1864684267
2770,1177265760
2771,1764795510
2772,144910632
2773,1039302605
2774,1235772229
2775,1005544113
2776,1641218183
2777,764414703
2778,495151737
2779,1493495368
2780,948999924
2781,1938534752
2782,776744925
2783,1071771066
2784,620845097
2785,312415670
2786,1657195966
2787,589837955
2788,927187755
2789,597741396
2790,1666888699
2791,564039039
2792,110154163
2793,1880682758
2794,1741382324
2795,368521511
2796,1513242664
2797,115439455
2798,1868308802
2799,602519724
2800,1275955983
2801,1322367202
2802,180588706
2803,980080551
2804,1893424677
2805,582958411
2806,262128346
2807,776520671
2808,410429030
2809,17379876
2810,1761557316
2811,871445361
2812,1011561031
2813,682263766
2814,1971535341
2815,272942669
2816,1656489162
2817,1205178957
2818,1063895297
2819,970079201
2820,1748157272
2821,1915848876
2822,1423960392
2823,446431754
2824,804835014
2825,1241376317
2826,176618925
2827,547850933
2828,1837658773
2829,381342933
2830,337474555
2831,174757492
2832,1749702112
2833,44726379
2834,1843885505
2835,1184021384
2836,366053054
2837,1933315896
2838,10795895
2839,1244855636
2840,295773614
2841,1387869065
2842,450404131
2843,1877245127
2844,716593822
2845,943911388
2846,1427097785
2847,1795408335
2848,168765263
2849,1950270886
2850,793609059
2851,140346695
2852,391490432
2853,1350834823
2854,246497720
2855,21799019
2856,1954096334
2857,1825167956
2858,704697715
2859,66762215
2860,692558858
2861,1835521281
2862,366684946
2863,419932329
2864,329586262
2865,1260441470
2866,604896873
2867,1281481775
2868,1898883689
2869,212142635
2870,1952029542
2871,124183700
2872,1615858335
2873,437441995
2874,1660679800
2875,552819839
2876,1951574766
2877,186290820
2878,1005500578
2879,503794158
2880,1976101466
2881,1787733217
2882,27954049
2883,183035849
2884,1804098862
2885,1976542330
2886,815252765
2887,1799981849
2888,1359436946
2889,910348116
2890,1106335332
2891,695595012
2892,858265156
2893,456531391
2894,1823510020
2895,669841115
2896,118827794
2897,555079299
2898,1093767429
2899,1825525754
2900,60006462
2901,457870964
2902,1429507952
2903,1039701887
2904,1431895018
2905,354840107
2906,441343231
2907,22385630
2908,574890830
2909,1061319344
2910,793091801
2911,862040873
2912,445976472
2913,1190402686
2914,1306583436
2915,1775346199
2916,1424566912
2917,1224847923
2918,1983066377
2919,555523145
2920,98455939
2921,704327974
2922,178634727
2923,780953781
2924,1534361299
2925,892553757
2926,561069445
2927,1087418400
2928,303381553
2929,197753327
2930,962145577
2931,1097661387
2932,1222561950
2933,1935982984
2934,352601580
2935,737534363
2936,315319993
2937,302414502
2938,881308791
2939,830093058
2940,117565082
2941,1868330194
2942,408177317
2943,1241956677
2944,1136399489
2945,1699781566
2946,443750897
2947,1774002008
2948,577205040
2949,1781389631
2950,1952354515
2951,1230278433
2952,788500802
2953,330766021
2954,1205919032
2955,1876571316
2956,77980103
2957,361852255
2958,875454149
2959,1758091843
2960,925739149
2961,1947468446
2962,730562728
2963,813043617
2964,1916921637
2965,1047406332
2966,1049271515
2967,530579626
2968,1537218794
2969,837883744
2970,77706578
2971,139457007
2972,1357207190
2973,1749164858
2974,266063138
2975,1706324573
2976,593922579
2977,949393280
2978,61453912
2979,1318052000
2980,231218076
2981,1639217874
2982,1570850180
2983,1854198194
2984,857709050
2985,1729452142
2986,1334396777
2987,1481033680
2988,1800684904
2989,744594102
2990,344872591
2991,476871993
2992,16099908
2993,1779948473
2994,1061186809
2995,935223380
2996,1036316801
2997,1372552086
2998,1635018945
2999,1847724918
3000,515142899
3001,1702536716
3002,1297498242
3003,745790261
3004,1274902235
3005,290798957
3006,178963259
3007,840319714
3008,907640401
3009,25480083
3010,1341676649
3011,1048842571
3012,1118371696
3013,1513321923
3014,710280118
3015,1981384550
3016,1087972816
3017,1412025543
3018,19352068
3019,1807438425
3020,686355476
3021,1097440563
3022,762378786
3023,1792303165
3024,1510810944
3025,327910743
3026,1204560712
3027,1849118692
3028,673329328
3029,618500886
3030,537104579
3031,907217620
3032,602633447
3033,1313146044
3034,1421197684
3035,400338160
3036,1510628974
3037,1424673487
3038,1366283767
3039,590354675
3040,1720691466
3041,781220282
3042,1534611441
3043,1310570010
3044,973004602
3045,953070645
3046,1713563901
3047,1526929675
3048,1194737024
3049,1034408427
3050,1095996507
3051,1562265742
3052,1705899426
3053,1875501874
3054,863266592
3055,669575016
3056,1112624882
3057,1824190863
3058,514180543
3059,11083541
3060,474143032
3061,1786632595
3062,1406928111
3063,490329380
3064,859842326
3065,1367490893
3066,1856778741
3067,880840278
3068,289841939
3069,1247306503
3070,370442211
3071,288852952
3072,281124477
3073,248224309
3074,739916582
3075,816128776
3076,402815469
3077,333898149
3078,1473041280
3079,1957226579
3080,1871051849
3081,1894977165
3082,24686799
3083,447667001
3084,846248930
3085,1157320846
3086,1991037919
3087,1031835409
3088,325626959
3089,1135431507
3090,1661288550
3091,573964721
3092,1273555193
3093,1209178153
3094,910391307
3095,1646939610
3096,395792528
3097,1715942520
3098,1920847370
3099,467352527
3100,995447400
3101,36150007
3102,574620525
3103,1451825744
3104,1464290233
3105,309346471
3106,1558912148
3107,361384925
3108,543863391
3109,176118151
3110,811355313
3111,658131183
3112,1646255132
3113,1774364245
3114,1493162653
3115,25254362
3116,263013743
3117,120359840
3118,678379628
3119,1491432698
3120,535515598
3121,55884337
3122,1000262533
3123,72290434
3124,1810385208
3125,863949903
3126,1401165181
3127,153743114
3128,1675786337
3129,1377663988
3130,951332240
3131,1312122062
3132,1742823915
3133,930236569
3134,61983058
3135,1849155754
3136,1151300444
3137,1726068776
3138,1255469310
3139,1683588169
3140,39696817
3141,1825721747
3142,1135580104
3143,1567151936
3144,754425110
3145,171116116
3146,122681480
3147,1813345316
3148,625903069
3149,1064823495
3150,1752021508
3151,1526006278
3152,186021913
3153,1050844146
3154,1338410315
3155,1977793247
3156,30430357
3157,1985904144
3158,1828566681
3159,1579086850
3160,844382188
3161,802206057
3162,930630113
3163,1036632400
3164,816062058
3165,1673231158
3166,1132775989
3167,119009503
3168,1547232716
3169,758312416
3170,1488219008
3171,757620720
3172,432195358
3173,1183832703
3174,1518488601
3175,509853198
3176,544787838
3177,1951295686
3178,1183732068
3179,979428009
3180,197515357
3181,1887023782
3182,1269502065
3183,686565296
3184,147377310
3185,1906663653
3186,841473000
3187,1252230022
3188,1372619879
3189,69729699
3190,665075865
3191,160231800
3192,1623840411
3193,348364223
3194,1487066255
3195,1510260349
3196,653315085
3197,965743688
3198,1975492626
3199,1920378522
3200,427334633
3201,1200003576
3202,1667370458
3203,1670706297
3204,1756764068
3205,712201821
3206,1149329360
3207,1692745559
3208,801285863
3209,646854878
3210,1910161329
3211,917347649
3212,1650676024
3213,1066506934
3214,738703610
3215,1165577569
3216,1252195658
3217,1289709130
3218,421644358
3219,422476076
3220,1614616379
3221,414323097
3222,766637655
3223,1917911739
3224,503482724
3225,843937378
3226,739171249
3227,1808439910
3228,1029650620
3229,1579433859
3230,291608974
3231,789018954
3232,1161827208
3233,495118940
3234,1206348794
3235,949294367
3236,1605240005
3237,388809411
3238,1901739661
3239,1373378371
3240,148418081
3241,657031812
3242,893825202
3243,1858225549
3244,386789795
3245,315303650
3246,1185274998
3247,1556122282
3248,332363600
3249,584946573
3250,1962119194
3251,679776953
3252,617064051
3253,1709705385
3254,400296684
3255,766807489
3256,183317697
3257,1220121273
3258,772580082
3259,429779398
3260,1770346091
3261,1542504367
3262,281740362
3263,360056155
3264,1207000427
3265,1807996307
3266,1781227741
3267,544059020
3268,1765376859
3269,1536353293
3270,1206725487
3271,185081589
3272,1158065013
3273,1169159684
3274,362380102
3275,1793388783
3276,655856736
3277,401479679
3278,1495030716
3279,1617216284
3280,436983181
3281,999106726
3282,1769322769
3283,579159951
3284,824058763
3285,631064881
3286,801183535
3287,1707432020
3288,1863605970
3289,520439704
3290,1519640292
3291,1272391859
3292,1799154534
3293,921198492
3294,1466192745
3295,1883825961
3296,795656825
3297,762706654
3298,837346806
3299,1183601390
3300,1855041055
3301,1195495333
3302,336504774
3303,1528601039
3304,1013114817
3305,1473982353
3306,484889381
3307,1646515231
3308,1621669032
3309,1987116122
3310,512893922
3311,1955557885
3312,1093388426
3313,1848746604
3314,685840181
3315,1304283630
3316,1837490294
3317,120912430
3318,1934099849
3319,202362870
3320,1022640154
3321,488679676
3322,1622803253
3323,110524013
3324,1012164482
3325,1878886444
3326,838321777
3327,331376288
3328,1587711502
3329,661212027
3330,1183143641
3331,1931337174
3332,1619538322
3333,460371822
3334,1829565240
3335,1843403997
3336,1624927078
3337,436984240
3338,763963112
3339,215529988
3340,1062812130
3341,1056992847
3342,1940402123
3343,951508773
3344,696823686
3345,315735632
3346,1569046671
3347,159544583
3348,1180774642
3349,1403684038
3350,867504772
3351,1169359028
3352,359692353
3353,1381701887
3354,396688151
3355,1185734881
3356,1967601104
3357,832712621
3358,170214674
3359,839700400
3360,780314721
3361,254160993
3362,637991628
3363,1158457641
3364,1520724437
3365,1169685391
3366,429848877
3367,162156962
3368,620397731
3369,1475305998
3370,950961429
3371,1933885656
3372,426266320
3373,1044570762
3374,1820025408
3375,126211758
3376,416786609
3377,1735061524
3378,1305336661
3379,443255244
3380,1496626757
3381,1558723001
3382,922878542
3383,1687628315
3384,679884598
3385,942078939
3386,1216753399
3387,701148129
3388,55383330
3389,1679722249
3390,637816367
3391,1532739888
3392,1190553414
3393,1741454787
3394,1114447804
3395,571792944
3396,212829408
3397,1669747983
3398,1718034154
3399,1885203735
3400,1651159698
3401,163604800
3402,152713940
3403,1894644496
3404,870536399
3405,881766521
3406,1197875854
3407,643526702
3408,102341550
3409,32266748
3410,1824213985
3411,1415953020
3412,1900456435
3413,1908543867
3414,1935571348
3415,670896869
3416,1497525384
3417,1826877555
3418,928601008
3419,103416555
3420,678147713
3421,534928588
3422,1425534618
3423,1455101839
3424,1865411845
3425,1461224594
3426,615612696
3427,1142599636
3428,1771601229
3429,1777335692
3430,1591489628
3431,969268329
3432,287639606
3433,44954211
3434,698743156
3435,1277045403
3436,1076337041
3437,1940623044
3438,992997162
3439,679062638
3440,127859262
3441,1029670628
3442,630316690
3443,1828514286
3444,984107093
3445,447704361
3446,864535263
3447,1234578380
3448,1597158778
3449,1201701365
3450,53796470
3451,705698725
3452,188322423
3453,1500749530
3454,1708016319
3455,560415146
3456,1322220271
3457,1564121744
3458,108716772
3459,1826224834
3460,1215094306
3461,1467111801
3462,571454934
3463,482329540
3464,1112948324
3465,1509656604
3466,797751198
3467,430327747
3468,267084842
3469,1782140940
3470,1782809664
3471,781926550
3472,570228233
3473,1299414860
3474,90675327
3475,976723408
3476,498119814
3477,172166297
3478,1917702771
3479,1624258319
3480,822467857
3481,1756378581
3482,1609295119
3483,652915754
3484,617656308
3485,1456142010
3486,1884975890
3487,969659156
3488,399805031
3489,1057374990
3490,655788447
3491,598023655
3492,371495490
3493,345166968
3494,479349791
3495,662177588
3496,1046157026
3497,1188951658
3498,733447395
3499,1507200100
3500,727985248
3501,370332679
3502,1829913323
3503,479020854
3504,1033178388
3505,314580288
3506,1656104170
3507,1471245205
3508,640907592
3509,218337737
3510,121208182
3511,201536722
3512,1541456983
3513,100004766
3514,1388027343
3515,1179170781
3516,1874705518
3517,302372639
3518,305042263
3519,1592865411
3520,36064105
3521,1639560720
3522,564585333
3523,1193675704
3524,379023706
3525,19784907
3526,1575256502
3527,1815027086
3528,1878804499
3529,488236113
3530,639993525
3531,823998676
3532,142412068
3533,894482934
3534,1122352496
3535,1330442881
3536,40070728
3537,192011494
3538,1290877635
3539,671632227
3540,1035449809
3541,1653198018
3542,170131304
3543,1937408118
3544,879275184
3545,68118358
3546,554866504
3547,1481400338
3548,1160048561
3549,815184946
3550,851905040
3551,1321174848
3552,1181017733
3553,214215081
3554,1915506498
3555,735296532
3556,780522109
3557,20446439
3558,1228788040
3559,199208050
3560,395904689
3561,1116076141
3562,427220657
3563,519520363
3564,1708984663
3565,693189136
3566,1699009430
3567,518088645
3568,906184044
3569,1216441011
3570,1426118723
3571,1196172547
3572,135071637
3573,117071260
3574,642715831
3575,1611623093
3576,1158935320
3577,454902751
3578,1543359565
3579,1243672368
3580,742343462
3581,1718127012
3582,436977185
3583,782849256
3584,1584847009
3585,448486915
3586,335948707
3587,1016922569
3588,192454860
3589,655787422
3590,1612025371
3591,468889040
3592,657351908
3593,393032611
3594,1137273388
3595,1089531800
3596,1624390181
3597,753551672
3598,1409795341
3599,1340308917
3600,399698647
3601,1497062540
3602,1265841095
3603,1989594192
3604,1424502573
3605,1926812225
3606,539065613
3607,1836349683
3608,560805496
3609,1296811563
3610,279299922
3611,513229584
3612,996665332
3613,199264450
3614,282261957
3615,1037090481
3616,1985494889
3617,381807538
3618,1468020305
3619,600979720
3620,1800881194
3621,504166675
3622,1232176190
3623,124391754
3624,1992555860
3625,1729489664
3626,549593335
3627,987715449
3628,1089751133
3629,439794580
3630,989655306
3631,1277995344
3632,137147095
3633,701752314
3634,1099196139
3635,473645072
3636,1329415564
3637,1764954639
3638,410192497
3639,575100609
3640,322142020
3641,425004418
3642,300611446
3643,1590412115
3644,545074319
3645,1570598181
3646,1740921563
3647,1832022605
3648,1884609166
3649,1581204050
3650,1048975082
3651,1945463112
3652,1705901440
3653,1780598838
3654,1663060209
3655,1354961821
3656,1285819753
3657,1141001511
3658,421393858
3659,1293358255
3660,480442779
3661,1171425153
3662,1085517473
3663,467140020
3664,799237069
3665,1394632067
3666,224389368
3667,661061515
3668,1058334749
3669,1043330026
3670,922653196
3671,1414122527
3672,414789603
3673,342372379
3674,1355644775
3675,1406982384
3676,826235237
3677,887825658
3678,591361479
3679,1208638782
3680,1710547506
3681,606668626
3682,1246026208
3683,1287763133
3684,929554084
3685,359061205
3686,1852204414
3687,846616635
3688,1202936998
3689,403712497
3690,1929190212
3691,1186359230
3692,250498649
3693,1033473011
3694,1568848377
3695,78130818
3696,1220485163
3697,1232188527
3698,1076748106
3699,792954358
3700,9142256
3701,66016437
3702,165178075
3703,1887381139
3704,1685430059
3705,1353535515
3706,1065234791
3707,1090945047
3708,1798469984
3709,1757055325
3710,578669399
3711,1905401353
3712,1408622441
3713,266037336
3714,1471262658
3715,238377872
3716,484854846
3717,429388061
3718,410899963
3719,256581783
3720,630952480
3721,1586424564
3722,488417077
3723,14452855
3724,1969004781
3725,1534485574
3726,260094713
3727,1119302189
3728,1017609005
3729,853572752
3730,1337387900
3731,559894112
3732,727946508
3733,430022285
3734,1305360283
3735,61969891
3736,1899091826
3737,1935672768
3738,1443393738
3739,1246701761
3740,1257445313
3741,1408681886
3742,1616372260
3743,219843415
3744,796620353
3745,1248698705
3746,92715516
3747,1357936405
3748,1179500524
3749,1405642228
3750,457616257
3751,1083738298
3752,236867786
3753,376025075
3754,1902689495
3755,148799735
3756,888826706
3757,1921400201
3758,1343993159
3759,1824652719
3760,1094638398
3761,1513873307
3762,1219127921
3763,475133191
3764,1528973798
3765,414142553
3766,1660903633
3767,43873693
3768,641430497
3769,1622044648
3770,1633920731
3771,224686252
3772,1459454635
3773,1277306404
3774,1222147720
3775,1629477442
3776,1788780574
3777,1416521827
3778,1375288546
3779,361840635
3780,1267163142
3781,353728280
3782,1023246868
3783,680565427
3784,1249220939
3785,1567598536
3786,1745720524
3787,749422069
3788,1389477043
3789,942151455
3790,1148303285
3791,1952011208
3792,1116841311
3793,939625303
3794,641675853
3795,993076253
3796,853324129
3797,562607019
3798,539619148
3799,1848285028
3800,795798635
3801,1846163533
3802,750154946
3803,177925333
3804,423069911
3805,961819211
3806,1653799776
3807,439832678
3808,1931646991
3809,63737362
3810,1567359634
3811,1786893256
3812,1291228532
3813,683684732
3814,1247983006
3815,50598914
3816,658759091
3817,757545152
3818,52827931
3819,1007214875
3820,694604424
3821,282732199
3822,1589675390
3823,654842752
3824,1824614971
3825,1838367031
3826,960466197
3827,1369751282
3828,1636332233
3829,510432007
3830,963108698
3831,545694940
3832,6622161
3833,1307347288
3834,1817126409
3835,625681527
3836,283804739
3837,1969886642
3838,1304549412
3839,377718090
3840,1375228155
3841,1963171499
3842,1164615583
3843,1540412481
3844,1764466466
3845,1774773625
3846,1566587163
3847,1042176363
3848,689309627
3849,1274609999
3850,1841150822
3851,1139289861
3852,1192946029
3853,86955769
3854,390422021
3855,1360822375
3856,403155871
3857,1072669443
3858,529082313
3859,1485808747
3860,1855314456
3861,303035126
3862,194996785
3863,661726818
3864,993207848
3865,1081310686
3866,1854144906
3867,887787239
3868,1113474071
3869,1857842904
3870,785711084
3871,1105097163
3872,246489325
3873,303920985
3874,1354601276
3875,886065643
3876,329293048
3877,1561820108
3878,802146437
3879,1558525363
3880,1158318883
3881,708696371
3882,69870086
3883,284900700
3884,1617463703
3885,886175790
3886,894373626
3887,243862871
3888,1082031477
3889,527056610
3890,744722849
3891,303210764
3892,1654607646
3893,1211854821
3894,736893869
3895,1392890758
3896,1015775788
3897,1283080021
3898,347461987
3899,718639613
3900,661867915
3901,1737411491
3902,1719477881
3903,658445355
3904,1984996965
3905,850891995
3906,1298396646
3907,759358180
3908,1879183526
3909,471303570
3910,451535926
3911,564343876
3912,931862666
3913,192992635
3914,1154254679
3915,945602884
3916,1921277973
3917,1811096651
3918,147548318
3919,1210177582
3920,524162699
3921,1430275407
3922,1948464792
3923,1426650614
3924,546612972
3925,1868421676
3926,1124972916
3927,1954261873
3928,1740138080
3929,1128727802
3930,1921265346
3931,588100750
3932,1869000841
3933,453954628
3934,1695919542
3935,26007418
3936,1321139645
3937,781496566
3938,620768297
3939,112751727
3940,456553531
3941,495640542
3942,1168035260
3943,688926165
3944,661911475
3945,1135692402
3946,76212610
3947,1020067241
3948,1609306991
3949,105997099
3950,459873193
3951,1625552264
3952,927774316
3953,423459010
3954,1243956211
3955,73122750
3956,600785087
3957,1442511436
3958,353932647
3959,1806874582
3960,30301992
3961,367875546
3962,396862374
3963,944715860
3964,11284432
3965,1197356656
3966,1761161310
3967,1453196083
3968,4565687
3969,1063821885
3970,1491654768
3971,1044720000
3972,730996958
3973,1685939230
3974,1383695148
3975,250997426
3976,1310596342
3977,1220241319
3978,991557621
3979,176337885
3980,362125167
3981,1066338932
3982,659116909
3983,1165979717
3984,1808321258
3985,703919891
3986,1438879342
3987,766100375
3988,1904114129
3989,1147446166
3990,882089288
3991,1532294489
3992,1891544604
3993,1474659652
3994,1595618652
3995,116745835
3996,1657101433
3997,977940775
3998,879075572
3999,786964982
4000,572938849
4001,1583248590
4002,1405928211
4003,883825619
4004,473517588
4005,356658690
4006,1179290153
4007,220813184
4008,489520683
4009,623219139
4010,1518114434
4011,83817399
4012,1068036506
4013,845029379
4014,47036117
4015,1775281555
4016,253814163
4017,1762412461
4018,1493393967
4019,458472183
4020,842103726
4021,1489599023
4022,925806104
4023,1964426599
4024,1641438414
4025,290555708
4026,402146635
4027,1470563516
4028,1002272534
4029,1209636939
4030,908754721
4031,1231683486
4032,568201236
4033,515058513
4034,1058742993
4035,442856941
4036,544440922
4037,1452223716
4038,272316637
4039,1982132525
4040,621557174
4041,1179035921
4042,396386577
4043,1979267405
4044,1052568702
4045,1803282268
4046,1835915201
4047,593843572
4048,466828506
4049,1879467234
4050,617180800
4051,672117992
4052,1195292800
4053,690993429
4054,1845514278
4055,229759452
4056,1549039109
4057,1556214256
4058,1285716231
4059,1487923034
4060,1656161055
4061,1601816375
4062,990407603
4063,1734939597
4064,1571751898
4065,1094180087
4066,1988510313
4067,1843511488
4068,589901980
4069,190539231
4070,558648111
4071,1031790007
4072,655020624
4073,1950075506
4074,433085216
4075,1827357192
4076,1606283201
4077,745415596
4078,741002317
4079,50909761
4080,1479311149
4081,1347494924
4082,1652588261
4083,753770581
4084,139161628
4085,302758705
4086,1253093965
4087,204764367
4088,769615531
4089,313406116
4090,1734913318
4091,530878007
4092,225738575
4093,1106806310
4094,901905515
4095,828655055
4096,1401357869
4097,1219489173
4098,315423858
4099,1685846996
4100,15973561
4101,892497760
4102,1094448512
4103,1612468409
4104,1355592803
4105,816447402
4106,903730691
4107,749958163
4108,261746127
4109,1144660891
4110,1951779304
4111,1118047134
4112,440411636
4113,30924187
4114,507592802
4115,1255992271
4116,1075829919
4117,333262310
4118,1140054867
4119,1734130176
4120,1448762651
4121,170145313
4122,515700647
4123,384336235
4124,65918585
4125,1177873684
4126,1366343242
4127,135187016
4128,56881832
4129,1736123419
4130,1153642896
4131,660540063
4132,1406504979
4133,1424845126
4134,1530100296
4135,185344466
4136,75254626
4137,760443605
4138,913544025
4139,1677621011
4140,231561576
4141,1076696114
4142,531400904
4143,1502907530
4144,405352334
4145,1020861462
4146,1844966315
4147,1986797076
4148,785649371
4149,485344047
4150,1440141003
4151,430556754
4152,1740140050
4153,1888216477
4154,738891499
4155,519023310
4156,883466143
4157,496398669
4158,236573056
4159,1484026422
4160,1032892860
4161,167871691
4162,1826599525
4163,949682115
4164,321746252
4165,1959092032
4166,1417253650
4167,1617090937
4168,330630587
4169,779710047
4170,1217827602
4171,24302590
4172,1968248873
4173,1652282416
4174,1744603388
4175,323730429
4176,900686534
4177,158934237
4178,282420308
4179,1246713687
4180,1856434582
4181,1636593810
4182,1826342400
4183,1569260237
4184,1778943727
4185,1805564906
4186,1791428642
4187,601133433
4188,1588525984
4189,675931922
4190,1839069791
4191,1853899627
4192,1107468602
4193,1068842200
4194,975643486
4195,521856311
4196,1824687827
4197,1730858185
4198,111689936
4199,603997636
4200,294542383
4201,1861457262
4202,28624888
4203,603142122
4204,1475227996
4205,605953546
4206,1894292095
4207,1094099581
4208,1400694042
4209,322229437
4210,1533099072
4211,1268646226
4212,358079391
4213,176196400
4214,532546689
4215,152794558
4216,1147514987
4217,1591056951
4218,1563697085
4219,1475267338
4220,859059902
4221,1625991017
4222,356930757
4223,448123563
4224,228148286
4225,1800998034
4226,1752715065
4227,1700204897
4228,1769797973
4229,1896394732
4230,502656932
4231,556614138
4232,1267241095
4233,1241154535
4234,1237275507
4235,1734855732
4236,176837819
4237,1237943911
4238,801631375
4239,1960992231
4240,1458797654
4241,1322481053
4242,758091768
4243,486083318
4244,112189236
4245,817410377
4246,82460171
4247,1047143980
4248,1373241246
4249,1795937952
4250,355334560
4251,1765194324
4252,596516916
4253,1609410365
4254,1962328528
4255,277870573
4256,26406453
4257,85001508
4258,1618879849
4259,328502150
4260,1732324582
4261,230794644
4262,930337015
4263,845311771
4264,1051729885
4265,511894243
4266,1812286457
4267,970084606
4268,1909272514
4269,739210609
4270,71912442
4271,262910576
4272,1990701580
4273,167607581
4274,1899482996
4275,1355941430
4276,402411264
4277,234347289
4278,1179816673
4279,1557813278
4280,1554466328
4281,650807562
4282,67415525
4283,1178140953
4284,208568514
4285,1901202060
4286,80666201
4287,1485311383
4288,12198633
4289,74020763
4290,665353523
4291,255785180
4292,1689661434
4293,206437056
4294,1568282990
4295,1713902696
4296,377857473
4297,1787200621
4298,1743228429
4299,1386119204
4300,1342889957
4301,1963960669
4302,974709848
4303,1328997235
4304,1068328458
4305,1780388733
4306,1987390415
4307,91902309
4308,1221517799
4309,155432039
4310,507341393
4311,570636458
4312,1237891872
4313,20174786
4314,171611376
4315,837534080
4316,853776245
4317,612896974
4318,1661995543
4319,1708069135
4320,802505972
4321,1175768799
4322,302057958
4323,1524060732
4324,1545777739
4325,45779894
4326,1542371140
4327,1486332144
4328,1492467317
4329,1422698984
4330,371778981
4331,1499996081
4332,829637343
4333,489210289
4334,1593003836
4335,970600780
4336,10296342
4337,24202588
4338,782349414
4339,970867763
4340,1033694504
4341,1834265798
4342,577293416
4343,1730443052
4344,1918331908
4345,816182600
4346,1942963548
4347,386223764
4348,1314057462
4349,1904642279
4350,155952866
4351,132938878
4352,871568889
4353,1970717197
4354,1675125554
4355,1500967740
4356,131195914
4357,774968910
4358,49554179
4359,218526178
4360,1031139028
4361,38673635
4362,1378996016
4363,970338518
4364,388082188
4365,1372292547
4366,1504246728
4367,830081675
4368,1605495324
4369,390617114
4370,402617978
4371,322067679
4372,1363052341
4373,490087912
4374,1015137652
4375,1334283934
4376,525412900
4377,1188890885
4378,1535568282
4379,369602998
4380,562146886
4381,942260208
4382,867249036
4383,742203461
4384,1244173982
4385,1237810934
4386,1236598606
4387,1606377811
4388,1900718698
4389,1894268890
4390,1186229009
4391,380068982
4392,566640561
4393,1292851573
4394,1264996236
4395,433423569
4396,1591550160
4397,1886319004
4398,1946327920
4399,942104057
4400,1048661805
4401,403783785
4402,1800423005
4403,1832202871
4404,1174414956
4405,1450582810
4406,691898200
4407,1471404165
4408,1128218171
4409,1125505422
4410,1629785839
4411,646906013
4412,545242499
4413,433151171
4414,549274822
4415,1786168366
4416,1263716510
4417,681798661
4418,1304140245
4419,1909231317
4420,317313780
4421,1144615479
4422,1577570298
4423,1329143627
4424,415286994
4425,696787656
4426,1858691922
4427,74954901
4428,1304374591
4429,1314412717
4430,774597585
4431,558382753
4432,1714847677
4433,675758172
4434,157182302
4435,1202481471
4436,134024449
4437,1397281324
4438,1079932240
4439,1271757306
4440,872144289
4441,1635335799
4442,208951641
4443,1604097220
4444,767801922
4445,3672258
4446,1423146311
4447,366031310
4448,1602165625
4449,1058561617
4450,1273064022
4451,242067040
4452,1452762203
4453,10635235
4454,1138488438
4455,92440557
4456,1857900812
4457,869734166
4458,496343259
4459,1419858237
4460,1070187465
4461,746970565
4462,1982840766
4463,827796079
4464,510567267
4465,1162522206
4466,1555726025
4467,1609010716
4468,1013656428
4469,547448096
4470,962556999
4471,310884789
4472,1013323102
4473,978098076
4474,1797260457
4475,1234957692
4476,1664484279
4477,324003808
4478,326105915
4479,1901503318
4480,126110526
4481,532697774
4482,293827382
4483,1793860982
4484,704772305
4485,1439601842
4486,949493573
4487,1577756796
4488,395125411
4489,1199864939
4490,1322473494
4491,789954467
4492,1605434966
4493,932654340
4494,1055514619
4495,151619902
4496,1310776072
4497,566670746
4498,274599175
4499,728130238
4500,735562797
4501,380014234
4502,772404269
4503,635404182
4504,134925006
4505,1106166717
4506,936975144
4507,928601137
4508,1609995444
4509,587051118
4510,436047594
4511,1492536424
4512,294112732
4513,996158796
4514,327796225
4515,1819985536
4516,1637041097
4517,1019770185
4518,1240861619
4519,83806540
4520,1096308129
4521,356577935
4522,53094486
4523,1562327955
4524,211113830
4525,1511442502
4526,968569180
4527,1886742422
4528,1899200537
4529,1187822373
4530,14444762
4531,1566752149
4532,325347351
4533,1568304530
4534,1969860684
4535,927413477
4536,1561983380
4537,1558651742
4538,1093936580
4539,770931538
4540,481318420
4541,1676261207
4542,1651824450
4543,1973721988
4544,235209691
4545,297876887
4546,917506364
4547,1362303120
4548,1027238348
4549,399716634
4550,953581863
4551,556845041
4552,878229368
4553,434771212
4554,263813040
4555,1284227496
4556,1506854638
4557,350993739
4558,602045868
4559,55108270
4560,388921323
4561,56180573
4562,1961556089
4563,1143175190
4564,1686582393
4565,714956417
4566,140202244
4567,205987088
4568,1136203069
4569,1100445325
4570,311306649
4571,745336899
4572,299018964
4573,1020408086
4574,473246953
4575,1857856901
4576,1568244753
4577,1640392793
4578,676479214
4579,1314609495
4580,1551037631
4581,1955751629
4582,730865487
4583,41886589
4584,1046863725
4585,220101889
4586,230244034
4587,1013203600
4588,471507707
4589,1281731814
4590,1217396505
4591,1745117971
4592,1103447456
4593,1944040652
4594,1649001911
4595,1099625504
4596,7777807
4597,291107231
4598,387039573
4599,1994942479
4600,420148138
4601,868475139
4602,165875455
4603,264509432
4604,1558590899
4605,589275862
4606,924253713
4607,301375087
4608,494739450
4609,396534683
4610,1964918531
4611,248274247
4612,1139801799
4613,331369067
4614,1961396026
4615,1371970940
4616,1517721904
4617,1798622360
4618,428118104
4619,1348818909
4620,374827695
4621,1764613724
4622,1880558863
4623,1694833545
4624,1115020020
4625,1114253555
4626,878954953
4627,633302252
4628,570344009
4629,1340826225
4630,1559828949
4631,1418516748
4632,1859892144
4633,1328451206
4634,1396349756
4635,1192231795
4636,1236080883
4637,811532931
4638,1932208548
4639,635395005
4640,246516116
4641,1123052496
4642,397196438
4643,1122679892
4644,1048646389
4645,626522966
4646,1052123753
4647,262501704
4648,853770438
4649,499975703
4650,1038047498
4651,1640582428
4652,287974710
4653,1935686445
4654,1865370158
4655,75187017
4656,1075311470
4657,316667057
4658,1750223554
4659,989677689
4660,1241577786
4661,442369632
4662,159669580
4663,1753146697
4664,1699693428
4665,675195249
4666,651820666
4667,1829946450
4668,968966885
4669,1050557123
4670,775675803
4671,493689196
4672,1430517824
4673,1809487234
4674,189711488
4675,1177663325
4676,433616966
4677,378608423
4678,1009174893
4679,293805661
4680,1344203449
4681,1100742916
4682,875542717
4683,539777187
4684,1080102436
4685,617645868
4686,299653404
4687,1792631426
4688,325068149
4689,1964311888
4690,496508425
4691,26337908
4692,1021030632
4693,327474725
4694,818764207
4695,1219974415
4696,1362277729
4697,1844775658
4698,930123179
4699,1485912743
4700,1051768008
4701,436952814
4702,421780969
4703,744311176
4704,1879745158
4705,1547289733
4706,694185531
4707,1598246003
4708,952515524
4709,1209269741
4710,1687399390
4711,739555979
4712,1211777535
4713,1490802932
4714,394067216
4715,1523833436
4716,1497771681
4717,1959773094
4718,923888145
4719,1453740646
4720,234002761
4721,1240647671
4722,1161332319
4723,1286308830
4724,193774750
4725,20733463
4726,905582049
4727,337803092
4728,559265804
4729,1596169055
4730,1276476589
4731,946747979
4732,1299773432
4733,1414038094
4734,1711227847
4735,832263825
4736,1709411991
4737,224269559
4738,1596587883
4739,1548328261
4740,84991658
4741,1108114772
4742,432100012
4743,865503186
4744,295776003
4745,1660610023
4746,1461322232
4747,1992447714
4748,1090232090
4749,999723048
4750,1397085999
4751,1101198175
4752,1517390065
4753,470869973
4754,1095358994
4755,854890366
4756,1641135982
4757,252883125
4758,842430304
4759,61212614
4760,930134621
4761,1709549352
4762,1217805031
4763,1367899664
4764,1097294198
4765,1850147816
4766,1188009245
4767,724197566
4768,1191484729
4769,534777796
4770,478699210
4771,807005469
4772,1344670038
4773,491571071
4774,626842040
4775,1817705977
4776,1293543312
4777,1014504950
4778,1581119581
4779,958966486
4780,911111280
4781,137165811
4782,727716490
4783,1788571981
4784,377576144
4785,1624181127
4786,125819992
4787,655939979
4788,515819643
4789,476611969
4790,669595459
4791,326185034
4792,508579740
4793,710259548
4794,1268689524
4795,143644652
4796,272519042
4797,411142411
4798,1189902239
4799,564677675
4800,195087967
4801,345206974
4802,1018022531
4803,1122020435
4804,934882216
4805,446098061
4806,884980268
4807,550780783
4808,730013175
4809,983018054
4810,1368679952
4811,6398705
4812,1024880028
4813,1078298416
4814,1241040134
4815,603127697
4816,172324445
4817,494851358
4818,40044910
4819,94155725
4820,572733493
4821,751078632
4822,665667068
4823,297705214
4824,782521896
4825,183857527
4826,1521322616
4827,955870518
4828,600482151
4829,1949373393
4830,571830574
4831,1362898652
4832,1012440704
4833,1038462654
4834,97592788
4835,1036654365
4836,111776814
4837,141365232
4838,1788453644
4839,1347716207
4840,577683287
4841,1652466118
4842,1261272468
4843,599729899
4844,985625666
4845,248726429
4846,1328928775
4847,1755899299
4848,65988301
4849,1668458593
4850,701263850
4851,1077090185
4852,1400544362
4853,340429261
4854,1719222534
4855,234596661
4856,218450997
4857,968824214
4858,891383808
4859,617671548
4860,1078821561
4861,1998786885
4862,1506672035
4863,901928937
4864,691196816
4865,1819193510
4866,300905544
4867,1097927022
4868,1425698071
4869,13047551
4870,362727069
4871,158892376
4872,1474006803
4873,494480129
4874,452557633
4875,1606512390
4876,1527403005
4877,888984611
4878,836253419
4879,1731293363
4880,1757998747
4881,754816471
4882,340422529
4883,820653788
4884,1993402778
4885,696622575
4886,35889631
4887,1374010047
4888,972635191
4889,1098398842
4890,1100865128
4891,1535260166
4892,1778109819
4893,105741859
4894,42204255
4895,41089858
4896,157988138
4897,1488391764
4898,1052628313
4899,177590586
4900,1983287420
4901,1436931832
4902,137007199
4903,170593188
4904,1608703136
4905,1743613546
4906,600119253
4907,1187235717
4908,87801076
4909,1439024777
4910,713547117
4911,498093304
4912,662563635
4913,807713575
4914,1251222149
4915,417071053
4916,1342617365
4917,1743202917
4918,1167357367
4919,900792609
4920,883038283
4921,1969760529
4922,1070691865
4923,1515166767
4924,1642116683
4925,1694201201
4926,653117177
4927,1928221867
4928,1794718180
4929,484420649
4930,695153294
4931,1917605433
4932,16447914
4933,491792063
4934,1865355444
4935,1358276145
4936,1678406658
4937,908238835
4938,1789071691
4939,148966391
4940,84528123
4941,1410092450
4942,1375745956
4943,397981620
4944,1463856133
4945,186578995
4946,1910517046
4947,1481968753
4948,1173657158
4949,274121185
4950,1695967302
4951,1052841208
4952,1497900206
4953,863436490
4954,1547302242
4955,338168084
4956,920226260
4957,890001097
4958,1559029325
4959,847080192
4960,920444861
4961,1998874479
4962,1128873267
4963,1436722616
4964,1973634402
4965,1870093889
4966,1318205066
4967,407543781
4968,475751789
4969,868494599
4970,1468233653
4971,835018361
4972,554739042
4973,288989273
4974,874237025
4975,1656514221
4976,963725123
4977,316611240
4978,913235005
4979,306405205
4980,670601526
4981,1507227264
4982,284589332
4983,1190222980
4984,29214937
4985,1817269488
4986,859352139
4987,128778424
4988,1996439042
4989,310238753
4990,1883887992
4991,1972039586
4992,38015906
4993,172040148
4994,1610806333
4995,1745890830
4996,1168722602
4997,785113378
4998,1573366158
4999,823856692
5000,590445305
5001,1658661608
5002,1562674267
5003,1060665332
5004,1760204311
5005,660274134
5006,1511138851
5007,348805406
5008,1140273788
5009,350481462
5010,1209998311
5011,1080657374
5012,442468550
5013,1734652279
5014,1956263555
5015,43628105
5016,1546253092
5017,26749124
5018,1086458802
5019,235098961
5020,1500271672
5021,1255198159
5022,174908213
5023,1335577818
5024,162685361
5025,221607990
5026,1440476975
5027,13524171
5028,712844349
5029,289046985
5030,671408526
5031,1758774537
5032,467134343
5033,991427406
5034,1000432784
5035,1819187469
5036,203304159
5037,1125942700
5038,945912174
5039,990393326
5040,268223972
5041,199023937
5042,1486703707
5043,791766331
5044,297980409
5045,1198794979
5046,1900603786
5047,773014882
5048,273936802
5049,164141550
5050,734358939
5051,1205392968
5052,413596130
5053,1049220258
5054,1630529580
5055,614946155
5056,1610851845
5057,1934571620
5058,595804733
5059,452443766
5060,1213368630
5061,307987157
5062,34956453
5063,1120227967
5064,832706392
5065,1375814782
5066,584521659
5067,1665303661
5068,1175380049
5069,742327285
5070,1960888372
5071,105059246
5072,682161512
5073,1965571684
5074,1847165202
5075,1390495533
5076,1117826593
5077,920085966
5078,218174174
5079,939338498
5080,264375430
5081,167439539
5082,95044068
5083,430783285
5084,889123528
5085,1837599749
5086,332013887
5087,576117277
5088,710631116
5089,749527476
5090,742145243
5091,1129220328
5092,1875471156
5093,195415743
5094,571428735
5095,1721899798
5096,160568741
5097,1388543817
5098,408336028
5099,1940982238
5100,1844378269
5101,285462137
5102,438108965
5103,210532144
5104,1866890129
5105,419270236
5106,329108551
5107,66098525
5108,1348311723
5109,1751490021
5110,11330100
5111,108210913
5112,540196804
5113,1070997474
5114,947626884
5115,405760375
5116,100105592
5117,1740570689
5118,607085609
5119,286165949
5120,1198128705
5121,500617823
5122,1632662507
5123,520909433
5124,1532160817
5125,1302576092
5126,1682225715
5127,52602039
5128,967295490
5129,1105714641
5130,276758914
5131,1128857419
5132,385321193
5133,477896365
5134,183754138
5135,1684717347
5136,1933543250
5137,159078462
5138,138504146
5139,1792085703
5140,1456124159
5141,561279895
5142,844072123
5143,728132938
5144,647407586
5145,1544549410
5146,308320723
5147,767949412
5148,57702749
5149,533341905
5150,12923601
5151,1916617600
5152,1484646301
5153,160265011
5154,984228610
5155,777046631
5156,862510086
5157,1626621396
5158,537704104
5159,1152630000
5160,1192359261
5161,242268251
5162,1068350088
5163,614350155
5164,79171563
5165,73978669
5166,294330698
5167,1752343290
5168,1270908832
5169,899732165
5170,104901452
5171,1965222177
5172,677105527
5173,239254886
5174,1263114668
5175,1769824195
5176,1361560305
5177,756001772
5178,524386116
5179,521057517
5180,1736960058
5181,88332780
5182,1912467895
5183,35606298
5184,1769313402
5185,1361383184
5186,404958758
5187,1291151352
5188,33241081
5189,233571529
5190,777821049
5191,308075931
5192,1545766912
5193,434820638
5194,1352800791
5195,619216829
5196,619739210
5197,1671265080
5198,902700853
5199,1906937013
5200,718799877
5201,53239534
5202,1126260162
5203,908141036
5204,812008578
5205,1998974476
5206,1846425839
5207,874516235
5208,1219797530
5209,1611890226
5210,31857423
5211,1412810238
5212,1762835600
5213,862186671
5214,1896615724
5215,1353144885
5216,1808496522
5217,1536837896
5218,1325686182
5219,1919265568
5220,956457956
5221,342711164
5222,89800531
5223,1731871475
5224,1724047429
5225,1611428654
5226,1080471739
5227,129393245
5228,1851819483
5229,799679684
5230,1815614169
5231,714676666
5232,1116741851
5233,1383567515
5234,1558955680
5235,946067872
5236,462047206
5237,1447759305
5238,1950191351
5239,100176251
5240,851304328
5241,1959858872
5242,1816333248
5243,1102805309
5244,247256729
5245,891940880
5246,1582172818
5247,820077207
5248,1126809311
5249,1935388274
5250,725040624
5251,361288177
5252,1848430964
5253,37785117
5254,1619746641
5255,660685830
5256,1181174039
5257,43765974
5258,1475974403
5259,1454719806
5260,1862540538
5261,1078555451
5262,1012534740
5263,373346779
5264,1740054913
5265,855940323
5266,595946666
5267,996422773
5268,444091468
5269,145518934
5270,337352955
5271,1981438357
5272,1424537431
5273,1394912733
5274,642955743
5275,1612338449
5276,1921536192
5277,593542284
5278,1024017161
5279,1757117827
5280,611767984
5281,181401109
5282,1445250104
5283,1951435502
5284,978769852
5285,964399588
5286,1395802272
5287,659211116
5288,1796007250
5289,449603799
5290,947940604
5291,1054689468
5292,696229515
5293,845006283
5294,1551909681
5295,834885678
5296,1092268040
5297,916132307
5298,1956648712
5299,1587351298
5300,1549669097
5301,187845919
5302,658551572
5303,1702130938
5304,869565132
5305,1430548757
5306,508906595
5307,967984344
5308,1708751361
5309,1631074742
5310,810485762
5311,1347806949
5312,1938516709
5313,1130363561
5314,1996381964
5315,1659299933
5316,172049097
5317,983216591
5318,1180154215
5319,1136754737
5320,1923338771
5321,1264431098
5322,767290035
5323,823444800
5324,983058736
5325,232960626
5326,958355281
5327,1020555776
5328,1736448901
5329,257233194
5330,1752214317
5331,1546821304
5332,1506637649
5333,298354094
5334,1624225285
5335,432450597
5336,1883932267
5337,1082702120
5338,563706041
5339,1293066688
5340,174212881
5341,375953708
5342,505608127
5343,845653297
5344,780516329
5345,892811196
5346,1163504471
5347,1865147763
5348,1852830011
5349,1518684353
5350,1522788616
5351,130821869
5352,655453426
5353,1977819276
5354,1790820217
5355,922226371
5356,1241133997
5357,847783482
5358,619455944
5359,597068735
5360,1174801119
5361,1033341051
5362,234123892
5363,1265590379
5364,263614384
5365,878038583
5366,1506553364
5367,1851614518
5368,1894934602
5369,629004916
5370,1344240865
5371,618373910
5372,595020391
5373,1046773455
5374,79614968
5375,1350223327
5376,470813543
5377,1306995326
5378,1002458093
5379,1744473927
5380,492983821
5381,1521480206
5382,1227946341
5383,1298642112
5384,1548510509
5385,1560258955
5386,962485329
5387,1653758783
5388,1779015462
5389,1717258860
5390,1924961258
5391,1515894280
5392,1840149336
5393,424398478
5394,1630267332
5395,673692019
5396,784756873
5397,1032690560
5398,66058551
5399,510589299
5400,1916657363
5401,1534208776
5402,513661782
5403,1114210535
5404,309476297
5405,1409755474
5406,991368481
5407,401385279
5408,1725306031
5409,1939985109
5410,592933042
5411,13288861
5412,1001515969
5413,384683498
5414,550241773
5415,371862896
5416,1199222135
5417,845361714
5418,304846324
5419,1636786672
5420,1161925492
5421,719939937
5422,172940535
5423,1502025585
5424,694284701
5425,127166213
5426,863670066
5427,1585908195
5428,1740995146
5429,231505625
5430,186131566
5431,404501922
5432,1006947447
5433,126218442
5434,1379318365
5435,583220827
5436,1517269864
5437,1175262285
5438,475195328
5439,1748069476
5440,82709203
5441,106961133
5442,1289107943
5443,1583141942
5444,1782811212
5445,912451939
5446,1772727379
5447,1231786284
5448,68123341
5449,137154353
5450,120699589
5451,533389207
5452,178727824
5453,29293382
5454,1742909290
5455,1231809521
5456,643037848
5457,351419227
5458,153604183
5459,1444831322
5460,835846031
5461,1826073336
5462,918335368
5463,1023682621
5464,176178729
5465,87193228
5466,1791697619
5467,1516329439
5468,517303033
5469,144052109
5470,1051543733
5471,1298507880
5472,1283407960
5473,1156196317
5474,1873372662
5475,1208759553
5476,248870644
5477,1710114326
5478,1646444087
5479,1393783752
5480,88057746
5481,1040917546
5482,1609311251
5483,1164564576
5484,1778699476
5485,462853551
5486,1437619577
5487,1192827030
5488,519801826
5489,899395060
5490,777120618
5491,327488983
5492,1218132098
5493,714555673
5494,1301310338
5495,716879979
5496,1999955157
5497,1699887221
5498,634673425
5499,838733048
5500,1855788856
5501,518569050
5502,1209406347
5503,779542493
5504,1441970523
5505,1479069879
5506,1481440946
5507,1146354157
5508,972459077
5509,1678756118
5510,1770245165
5511,192331934
5512,1157259545
5513,1877342921
5514,1973626068
5515,967558551
5516,395022154
5517,96014753
5518,714485073
5519,1138796243
5520,306299123
5521,1341886831
5522,1295143824
5523,1100227990
5524,157636298
5525,196892846
5526,1490299896
5527,1261475726
5528,1414058897
5529,533448400
5530,1098588669
5531,76465755
5532,1136263777
5533,457401333
5534,1042004047
5535,190932567
5536,476939262
5537,877700954
5538,1703896683
5539,1601612696
5540,407245342
5541,1496941914
5542,1906439261
5543,492923931
5544,1800450871
5545,1168606766
5546,309929002
5547,244345279
5548,166537728
5549,263653193
5550,1547641290
5551,1953454770
5552,1257318019
5553,505006968
5554,858583635
5555,1185719238
5556,1770985512
5557,1683378408
5558,992312218
5559,1193962916
5560,768607359
5561,297488787
5562,331784355
5563,1276633452
5564,835281235
5565,1869115777
5566,1349731079
5567,646338047
5568,416229703
5569,597678711
5570,1820138563
5571,315125090
5572,1541773910
5573,149358235
5574,32973082
5575,264569236
5576,701241227
5577,771288287
5578,468148979
5579,1743569522
5580,649880988
5581,1513884718
5582,1739447960
5583,857576263
5584,661428556
5585,954971433
5586,1270116975
5587,1814058639
5588,1827538954
5589,1112572094
5590,738882950
5591,1995598431
5592,1732793627
5593,1588250274
5594,298655498
5595,1168934039
5596,925112011
5597,276124749
5598,650656254
5599,660883674
5600,112713475
5601,1220462234
5602,7076657
5603,465654106
5604,1913609843
5605,876887836
5606,1679070356
5607,1484615705
5608,1730717427
5609,1636719861
5610,764848732
5611,277868564
5612,115376753
5613,183781628
5614,812690666
5615,1391229076
5616,1113183044
5617,1014880381
5618,254970744
5619,1575911402
5620,1561436271
5621,1376809785
5622,372273070
5623,698732550
5624,1874722873
5625,673753415
5626,907567643
5627,1907078169
5628,1935838862
5629,532285109
5630,1138102020
5631,739172896
5632,972981470
5633,1630978978
5634,1683822924
5635,1886602472
5636,571339884
5637,651291632
5638,146925615
5639,1727672333
5640,489988914
5641,193971011
5642,369693097
5643,949422803
5644,844872123
5645,1512666517
5646,940313187
5647,116536312
5648,1569808659
5649,311780581
5650,1693825973
5651,1053625107
5652,637847145
5653,194262119
5654,938446379
5655,1222045690
5656,169804951
5657,235286246
5658,109388393
5659,957730004
5660,842588564
5661,1955793071
5662,138534308
5663,1606879595
5664,1943280255
5665,391581780
5666,1713899190
5667,570112675
5668,1116423243
5669,1511945887
5670,268496783
5671,1191115508
5672,1023207429
5673,1800640792
5674,1574219675
5675,866702951
5676,1776710106
5677,1361444198
5678,1187416739
5679,864285057
5680,1326799753
5681,711750370
5682,1542308286
5683,1516378399
5684,108695946
5685,211124609
5686,1437701555
5687,764885366
5688,1267475527
5689,513544724
5690,1132629691
5691,925923793
5692,1799307610
5693,1362133715
5694,166596455
5695,1112731502
5696,1666664837
5697,1950429821
5698,1703976246
5699,921971334
5700,1265799218
5701,1310366811
5702,859265751
5703,1636239379
5704,1279148387
5705,1920528441
5706,1063618776
5707,79543584
5708,63287695
5709,1734062467
5710,1770179382
5711,396440663
5712,130778440
5713,280317520
5714,1322893549
5715,1427688857
5716,287686400
5717,1168644931
5718,907338848
5719,1115404753
5720,249375110
5721,329763950
5722,1216554469
5723,498961472
5724,1373657044
5725,1672437053
5726,992243033
5727,1796617672
5728,1813932762
5729,1216237358
5730,336444281
5731,67869522
5732,1568154338
5733,1608916895
5734,390462281
5735,180868979
5736,1851769670
5737,1921947716
5738,1840640907
5739,1561187476
5740,1446690258
5741,1794680680
5742,315956008
5743,23957689
5744,984659719
5745,700284820
5746,88371958
5747,298683807
5748,165697033
5749,1542407749
5750,381836796
5751,1423596744
5752,581168726
5753,745700559
5754,144817101
5755,203773040
5756,1883012677
5757,1737308818
5758,1070031366
5759,1526996962
5760,1094709272
5761,1889015161
5762,1684983593
5763,83354656
5764,1214433482
5765,402388238
5766,400107955
5767,394419582
5768,480069602
5769,1767930643
5770,1739036822
5771,1447666224
5772,373577959
5773,51803639
5774,1018425653
5775,794470520
5776,1427915632
5777,1079921786
5778,182639516
5779,1364125769
5780,1937105719
5781,464160291
5782,1599436749
5783,989942198
5784,11516183
5785,420871989
5786,424570933
5787,1014851441
5788,1468359172
5789,1243650444
5790,506494543
5791,1906497048
5792,434437399
5793,1623029574
5794,1900898290
5795,1167248094
5796,1585055545
5797,1035453583
5798,567256078
5799,1028756867
5800,864060831
5801,315993854
5802,1295678594
5803,163949676
5804,1753252096
5805,1357170177
5806,823659726
5807,961577229
5808,1928836365
5809,836296546
5810,123527269
5811,1322389455
5812,570561991
5813,60902743
5814,181755045
5815,1724569320
5816,745586090
5817,1521162262
5818,289151520
5819,17868162
5820,377027364
5821,226785046
5822,466087442
5823,810708051
5824,530725577
5825,442309970
5826,690161543
5827,841025969
5828,1166843295
5829,1233591895
5830,1360385111
5831,1098420402
5832,1441639505
5833,710975848
5834,103805898
5835,1244829102
5836,1962944929
5837,1039705292
5838,1382362587
5839,1932348196
5840,1110338524
5841,551351267
5842,614696174
5843,1992116492
5844,689171745
5845,962013500
5846,1082002146
5847,1865125159
5848,204801878
5849,127657842
5850,920580660
5851,1241533389
5852,483047525
5853,550273565
5854,1575901229
5855,931630533
5856,1986087920
5857,1107673836
5858,600662161
5859,1884022623
5860,168996306
5861,1669767918
5862,688082876
5863,97528735
5864,1821721598
5865,1522062193
5866,1403256542
5867,1801995872
5868,1137128599
5869,932974832
5870,1808257437
5871,553214909
5872,368785788
5873,1750735647
5874,400619530
5875,1969351465
5876,1418067368
5877,1164499848
5878,1099983313
5879,759399792
5880,952316365
5881,1460393185
5882,1429484097
5883,1342610424
5884,750795684
5885,1376147317
5886,1128916138
5887,1362181433
5888,1028409907
5889,167805312
5890,1644691886
5891,1043876482
5892,998352871
5893,221709001
5894,1760572759
5895,1642032865
5896,1840627491
5897,1015391654
5898,706090691
5899,917005661
5900,1976007594
5901,255398278
5902,1654272140
5903,161344776
5904,1365401329
5905,951464166
5906,79941510
5907,1292835889
5908,500757243
5909,1363841693
5910,1833953815
5911,1991985510
5912,277360799
5913,1586297789
5914,351231749
5915,17039426
5916,1787093952
5917,1701998994
5918,1045261040
5919,1015967710
5920,1149414624
5921,230173301
5922,1003114161
5923,1333657531
5924,1775710366
5925,1788618755
5926,1356634878
5927,1243081196
5928,274727341
5929,309296812
5930,929972021
5931,438420557
5932,1565719674
5933,1920195774
5934,1631395739
5935,362301419
5936,190847179
5937,41530390
5938,174235798
5939,84276148
5940,798257738
5941,1965444156
5942,682325455
5943,1538451365
5944,130613291
5945,241721940
5946,317687054
5947,914659516
5948,1873880394
5949,413754028
5950,1843376029
5951,1374809594
5952,598687582
5953,1269976704
5954,124265162
5955,499065185
5956,1385248877
5957,796449492
5958,355611914
5959,69150623
5960,914004992
5961,6805041
5962,1260308625
5963,1270859115
5964,137090139
5965,391064039
5966,1470152829
5967,1512031984
5968,1683545378
5969,607798786
5970,389519504
5971,1685234865
5972,458916101
5973,753114361
5974,296587480
5975,387094533
5976,1909449123
5977,1746840970
5978,1241779482
5979,739217329
5980,494678786
5981,34638867
5982,1691293316
5983,292669878
5984,1689417622
5985,1407279305
5986,1789205659
5987,404343689
5988,1851600145
5989,238180677
5990,419523442
5991,112469442
5992,1274418561
5993,865401989
5994,1750020258
5995,253784208
5996,1931334063
5997,307185911
5998,770068839
5999,333509202
6000,235325239
6001,537619915
6002,205621052
6003,506247815
6004,902001368
6005,725112072
6006,440250576
6007,213526820
6008,1841171067
6009,1552794402
6010,263815137
6011,246086693
6012,1055851123
6013,1891879114
6014,890620736
6015,1044582618
6016,627410010
6017,1501312755
6018,1014597146
6019,572481001
6020,1441139918
6021,193774402
6022,1860357266
6023,680055381
6024,1057415258
6025,128440786
6026,1066524039
6027,409221074
6028,1650286763
6029,1012274220
6030,945973430
6031,593155351
6032,200604718
6033,27795708
6034,1137086140
6035,33796544
6036,1878026118
6037,959180705
6038,1617849284
6039,1390322256
6040,1272890694
6041,1415500926
6042,712970449
6043,1658396047
6044,1987266812
6045,1799693685
6046,1007685957
6047,1080236435
6048,235519715
6049,1962525605
6050,640272115
6051,1280701539
6052,1694448913
6053,266967409
6054,1715465799
6055,1817009791
6056,1253407135
6057,552024256
6058,1211537695
6059,1685373088
6060,1007376425
6061,625035696
6062,1009460473
6063,516899635
6064,1800515407
6065,453625385
6066,713249370
6067,1760261635
6068,1508241795
6069,1903586448
6070,3228112
6071,1972122762
6072,1454062270
6073,112642388
6074,903837182
6075,986577162
6076,449353683
6077,1206329086
6078,1027994068
6079,781893382
6080,1168844918
6081,432046148
6082,1166155695
6083,411180145
6084,1123692911
6085,112567073
6086,1093831352
6087,764091075
6088,471615103
6089,603574778
6090,1019309560
6091,1749416901
6092,236657921
6093,1480324998
6094,1779651101
6095,847112499
6096,846831359
6097,1688508388
6098,251715549
6099,159462257
6100,1043668180
6101,1292949016
6102,73386577
6103,1482097331
6104,1439218327
6105,1889438474
6106,69295867
6107,842952003
6108,924207520
6109,646178351
6110,152362875
6111,1393448639
6112,898053677
6113,249111047
6114,1337814233
6115,1957952071
6116,1157792365
6117,1528888957
6118,417655785
6119,742560303
6120,1379585836
6121,1900741934
6122,1934585146
6123,305974371
6124,1154337835
6125,1076331502
6126,415100830
6127,1463201840
6128,771334903
6129,884235812
6130,628006903
6131,1002011280
6132,1243910091
6133,1607900520
6134,839815031
6135,1873644553
6136,308009166
6137,1485603396
6138,589434426
6139,650056257
6140,1879925684
6141,464700850
6142,695073145
6143,543134793
6144,466656538
6145,1686054332
6146,608231544
6147,77770872
6148,637977437
6149,1603676708
6150,1881970193
6151,1871690171
6152,292850882
6153,1475188032
6154,86405493
6155,1714979525
6156,1232677208
6157,1226951926
6158,976180569
6159,637091130
6160,1062637014
6161,1569795302
6162,709945594
6163,1210914126
6164,1696292963
6165,871188363
6166,1968035066
6167,1478856139
6168,336309423
6169,211961398
6170,1716772094
6171,681196163
6172,615197871
6173,1586547363
6174,1401071192
6175,480264223
6176,132999703
6177,62306047
6178,815983162
6179,1883993750
6180,1536621267
6181,79405613
6182,583863357
6183,52364801
6184,661997083
6185,727336004
6186,1136340023
6187,869469924
6188,1939121599
6189,1855650508
6190,980732664
6191,313611284
6192,1250710672
6193,1489440496
6194,1289150972
6195,1201644160
6196,454322725
6197,356371316
6198,1335452179
6199,737002875
6200,1626990968
6201,1446114675
6202,424003553
6203,328605059
6204,465883875
6205,1005375998
6206,502483129
6207,1261763353
6208,1959160554
6209,6546803
6210,1949079966
6211,777139584
6212,1335211020
6213,1832272023
6214,180206227
6215,702053636
6216,1317295103
6217,275592288
6218,624623587
6219,1858464770
6220,512353600
6221,1735727230
6222,595073252
6223,1599318893
6224,174956025
6225,1898526381
6226,507458435
6227,1004159850
6228,1284362582
6229,1833379346
6230,69679109
6231,1995845259
6232,365688428
6233,87229703
6234,1021960999
6235,979403741
6236,348372982
6237,1952002391
6238,858907213
6239,828155397
6240,586246211
6241,1031841687
6242,848553636
6243,872322187
6244,76724785
6245,139481612
6246,198395691
6247,1564274925
6248,1283757611
6249,340341148
6250,619004761
6251,439374863
6252,1843038091
6253,1489696618
6254,15604877
6255,1328742678
6256,818788057
6257,1855230834
6258,695876673
6259,624688568
6260,1142611320
6261,1684629744
6262,1228043729
6263,1239719359
6264,1456978813
6265,1075605901
6266,1163339486
6267,630344694
6268,1546274171
6269,804599101
6270,836374111
6271,1844006287
6272,1340835965
6273,1752283046
6274,1432864305
6275,1139707044
6276,240608414
6277,54852404
6278,1685139154
6279,437879193
6280,1614430484
6281,1540544601
6282,450383159
6283,510358191
6284,616037125
6285,752768122
6286,364919897
6287,1686317302
6288,1671858995
6289,932213330
6290,1197403851
6291,538203830
6292,327852180
6293,1938223078
6294,161043508
6295,214524732
6296,172701408
6297,50602316
6298,62562959
6299,890934338
6300,1371878007
6301,1856945497
6302,1436538795
6303,389968673
6304,216123558
6305,1074647052
6306,915746158
6307,495461099
6308,1814071012
6309,1787594452
6310,274300508
6311,1213377283
6312,585236958
6313,71006847
6314,600530451
6315,1906950290
6316,1332675043
6317,1481704229
6318,1288209032
6319,1268364278
6320,1800054258
6321,1635543007
6322,812209167
6323,41516384
6324,1711965344
6325,989403136
6326,1773233504
6327,1994566588
6328,379254490
6329,75581634
6330,1727000051
6331,1912261734
6332,1720331265
6333,1972354761
6334,46480729
6335,850007555
6336,1746784333
6337,1358811629
6338,1264308799
6339,1098367571
6340,1827622105
6341,522438476
6342,209198265
6343,43101852
6344,1164886107
6345,1105360523
6346,29332440
6347,843387208
6348,256888938
6349,1028928158
6350,1695549574
6351,871047212
6352,272722488
6353,1641236005
6354,842451421
6355,470378377
6356,720545200
6357,371310165
6358,736178399
6359,1603374978
6360,1836998252
6361,1393964563
6362,1862671914
6363,986272641
6364,1276649526
6365,1421375449
6366,1876618427
6367,813436004
6368,1396515400
6369,1389090678
6370,623435175
6371,1530426545
6372,1567602046
6373,734391256
6374,302641256
6375,577423589
6376,1325668060
6377,1761598185
6378,950442201
6379,43124810
6380,578580935
6381,256982947
6382,1064834122
6383,1369031221
6384,1912935416
6385,1520281125
6386,771124563
6387,44812901
6388,776192761
6389,377610784
6390,1547508135
6391,756518026
6392,1677994288
6393,395234521
6394,79249847
6395,51246744
6396,25738702
6397,1589193604
6398,1279994526
6399,1279982802
6400,1020790314
6401,345879893
6402,569381033
6403,1960405854
6404,850262533
6405,308867983
6406,537848926
6407,1797422744
6408,1421864
6409,531218383
6410,1310974151
6411,1706825537
6412,1045716570
6413,683211605
6414,530948451
6415,1317061547
6416,1564829592
6417,1392282493
6418,1375332617
6419,1793902146
6420,322247678
6421,1066662377
6422,1827985408
6423,300603751
6424,1878442901
6425,956528771
6426,1383741332
6427,632725607
6428,1291183516
6429,1996248280
6430,541625258
6431,1098647462
6432,1216799557
6433,1047880144
6434,78750747
6435,42684129
6436,687360455
6437,464394591
6438,1903004446
6439,125666323
6440,1268452816
6441,638015317
6442,753857636
6443,1550687867
6444,1961356067
6445,1653300995
6446,1351255388
6447,1614093598
6448,1091718349
6449,321770625
6450,269973254
6451,1996864310
6452,1418065366
6453,318536427
6454,22326804
6455,339454709
6456,79944365
6457,936383064
6458,1084112177
6459,1161089757
6460,914297662
6461,1986651827
6462,1254712337
6463,1233169093
6464,140731038
6465,1619372807
6466,14362697
6467,1176602779
6468,1638084490
6469,322221626
6470,1819943026
6471,51675611
6472,1165932216
6473,756388122
6474,661987652
6475,876072130
6476,861630302
6477,1730548095
6478,998914820
6479,569325842
6480,1300185521
6481,337665083
6482,1901571283
6483,674961780
6484,601169953
6485,1971443181
6486,1586075053
6487,592228193
6488,857702140
6489,1781007513
6490,1908587217
6491,881046977
6492,707628226
6493,883248587
6494,1894214476
6495,713945104
6496,1016689687
6497,770844736
6498,335768987
6499,564897871
6500,727027685
6501,1048971956
6502,902606690
6503,380172258
6504,986407786
6505,1448348982
6506,1026202503
6507,1435775034
6508,1335157121
6509,1412117338
6510,1080098186
6511,1599816897
6512,870234414
6513,537874487
6514,637690662
6515,596405085
6516,1443503789
6517,1113370702
6518,216564790
6519,1074695816
6520,1924579691
6521,206521288
6522,907896784
6523,283641808
6524,412870949
6525,505705520
6526,591334433
6527,1024021712
6528,1632640564
6529,163760584
6530,1895302610
6531,1600809728
6532,659959227
6533,1555084993
6534,1089074639
6535,413337910
6536,1583705710
6537,1958588095
6538,683635188
6539,259160619
6540,1712444685
6541,362551918
6542,1998754612
6543,1104127412
6544,1281442390
6545,1679144825
6546,646876575
6547,1202262163
6548,1599658532
6549,1370046130
6550,844807297
6551,1760918653
6552,489212463
6553,972728167
6554,663317543
6555,695845398
6556,1860365556
6557,1566586678
6558,1822017483
6559,1103273283
6560,1332321977
6561,1725266564
6562,583602593
6563,1218133006
6564,916268427
6565,293688841
6566,1009115997
6567,490028823
6568,477153827
6569,422042940
6570,1810793465
6571,1879640767
6572,297852367
6573,687595208
6574,1804249740
6575,268601397
6576,1477100238
6577,874100181
6578,824864518
6579,1509780640
6580,1301473783
6581,1788766860
6582,450234853
6583,1152942351
6584,1328499728
6585,497129331
6586,569496046
6587,1085714804
6588,752187305
6589,364944951
6590,1283802550
6591,1427403642
6592,1276121390
6593,1807800228
6594,979452778
6595,967506790
6596,1519350545
6597,599315835
6598,1058340437
6599,1095123240
6600,1038599778
6601,1842927177
6602,481098977
6603,1061186285
6604,99883778
6605,1154512572
6606,1067160912
6607,949668477
6608,598426969
6609,1993795019
6610,378230730
6611,121527113
6612,163593568
6613,1732432484
6614,1505925155
6615,788015174
6616,96113230
6617,145764673
6618,389676681
6619,1731906498
6620,1130424444
6621,1408947337
6622,635089037
6623,1413024760
6624,1019051476
6625,796177127
6626,1431236117
6627,1177036091
6628,1527536222
6629,516016222
6630,1973488535
6631,347777964
6632,392306810
6633,1517066072
6634,501743086
6635,661178804
6636,136382587
6637,1413579202
6638,1395214365
6639,768906284
6640,1836232111
6641,1852133570
6642,135033285
6643,1502381712
6644,121815066
6645,592852567
6646,317859775
6647,1283544736
6648,366249639
6649,65331650
6650,1436818152
6651,1722194466
6652,360355164
6653,418869549
6654,403111211
6655,1471929079
6656,1484485040
6657,931524297
6658,545502689
6659,1299236641
6660,228295441
6661,1895779263
6662,804783794
6663,1685152171
6664,895799991
6665,1499508370
6666,719283462
6667,107089823
6668,1467415753
6669,1689182699
6670,895387245
6671,1851851142
6672,1712769810
6673,222115845
6674,1395055353
6675,1766904061
6676,276740718
6677,671491442
6678,382275444
6679,1481328050
6680,1286448933
6681,843415638
6682,1081311428
6683,1572730550
6684,322722305
6685,556964011
6686,1998518169
6687,1537744036
6688,1636819283
6689,1861361885
6690,714241364
6691,1460875704
6692,557536838
6693,1406844747
6694,779731754
6695,318877198
6696,614524088
6697,820925604
6698,485141413
6699,1512256679
6700,1394930460
6701,557061510
6702,1533545906
6703,398214281
6704,1081970077
6705,615923763
6706,684123372
6707,4832964
6708,466086181
6709,1675948033
6710,1768669686
6711,122198203
6712,413265526
6713,1070821525
6714,1736114349
6715,554439031
6716,481858676
6717,234806517
6718,1687133069
6719,708834279
6720,1511911378
6721,1941396129
6722,345077033
6723,783517004
6724,461848301
6725,494560128
6726,839465633
6727,1354744177
6728,1317528306
6729,525876359
6730,1008179514
6731,581574179
6732,103252050
6733,242045809
6734,1724939770
6735,1247151783
6736,103135277
6737,1188152590
6738,1756333896
6739,500817764
6740,1967678335
6741,1997156954
6742,878687169
6743,1348220515
6744,898722153
6745,1507272922
6746,1117515851
6747,1309323635
6748,1780838083
6749,958821567
6750,1835539546
6751,1445058477
6752,1082533763
6753,1094474595
6754,1137963305
6755,1506065477
6756,1066222296
6757,1030198467
6758,328762493
6759,390132020
6760,66554983
6761,558647825
6762,1763448274
6763,343226568
6764,1424989310
6765,1645594015
6766,1499725410
6767,472504792
6768,1429411621
6769,1418777037
6770,1556033602
6771,1233771941
6772,570935164
6773,1977652690
6774,850030447
6775,1314992035
6776,1484575242
6777,228299453
6778,772853023
6779,793831497
6780,1651845744
6781,1644744129
6782,253981654
6783,457866801
6784,296404089
6785,1174143495
6786,345268137
6787,1625030753
6788,367409657
6789,980783932
6790,169514854
6791,279869820
6792,1273485564
6793,150075910
6794,1271331525
6795,1384077077
6796,1174199893
6797,1328503210
6798,338575725
6799,537769152
6800,1337263992
6801,1326596284
6802,1719079735
6803,276320453
6804,1901315282
6805,1954398301
6806,357710013
6807,1174826245
6808,1444365532
6809,1133399539
6810,1412072283
6811,230090994
6812,533096944
6813,1569715608
6814,616797906
6815,600002505
6816,397427094
6817,731030926
6818,25437763
6819,330022043
6820,274320891
6821,1957960761
6822,1413179024
6823,1811664984
6824,1781434153
6825,1780479407
6826,1667165006
6827,1815570064
6828,883121584
6829,1743021312
6830,1234815226
6831,424372438
6832,1920112686
6833,702671709
6834,69813602
6835,1349758398
6836,1368674861
6837,691985247
6838,1802828713
6839,650551220
6840,1601060325
6841,858612302
6842,342090252
6843,1077399493
6844,760375720
6845,715995039
6846,1917863243
6847,1057906466
6848,74516719
6849,239974748
6850,1841164275
6851,1830499199
6852,536853334
6853,1082512959
6854,132918154
6855,694487019
6856,1991589275
6857,1373351535
6858,638505821
6859,1239492727
6860,1480184613
6861,1546865622
6862,700694697
6863,1808806236
6864,459474496
6865,1389964507
6866,1218850518
6867,345419146
6868,201395702
6869,1265435524
6870,733232383
6871,932510549
6872,503321009
6873,925053282
6874,910117706
6875,1793294672
6876,543275033
6877,1510091659
6878,150160709
6879,1306921608
6880,809229192
6881,34758435
6882,161341926
6883,1915633918
6884,1045522469
6885,1099840071
6886,1102011738
6887,1886583340
6888,1640288632
6889,1997647765
6890,1240788822
6891,1688607963
6892,400162021
6893,1634355229
6894,1253471517
6895,1395491271
6896,1144404660
6897,731113959
6898,624445638
6899,120984156
6900,106447702
6901,416781933
6902,1795239150
6903,310762088
6904,1391816033
6905,898193060
6906,238558233
6907,1748239277
6908,1869305925
6909,1322439491
6910,515836869
6911,1411643556
6912,1226689514
6913,1580505633
6914,1509884084
6915,559456651
6916,1142445308
6917,308702468
6918,277002943
6919,746443682
6920,1344396738
6921,630998634
6922,267228537
6923,156259034
6924,1275294422
6925,470020353
6926,732485658
6927,532104622
6928,1124684915
6929,1818702896
6930,521103631
6931,387827652
6932,346119865
6933,946108345
6934,1511311591
6935,1743724526
6936,728511545
6937,942627942
6938,96977896
6939,1569989431
6940,1173715299
6941,976319843
6942,871970977
6943,1455401137
6944,1997250193
6945,605866244
6946,1826390562
6947,975361977
6948,1272612800
6949,1430586426
6950,1667387401
6951,1013064360
6952,602492486
6953,1723711990
6954,959795715
6955,325787193
6956,1060184465
6957,554330202
6958,1230962278
6959,1501996404
6960,46356552
6961,58863609
6962,1272071420
6963,735320061
6964,1273793602
6965,480232687
6966,23381511
6967,229319315
6968,1487649534
6969,1009733027
6970,629971374
6971,951809679
6972,1709091968
6973,1947606882
6974,1143953851
6975,1303577771
6976,1819491268
6977,294172507
6978,1908862385
6979,352521628
6980,707395693
6981,895696986
6982,1708905712
6983,1967317893
6984,1588594892
6985,1689442658
6986,1064979531
6987,597161299
6988,1980326870
6989,20165732
6990,1360856963
6991,286569221
6992,420734336
6993,1221242499
6994,1202083876
6995,42660465
6996,1284257634
6997,1493016093
6998,904663048
6999,1996205729
7000,255405371
7001,924395204
7002,329891254
7003,447528365
7004,1251486516
7005,660048856
7006,1429142053
7007,1129718975
7008,921701568
7009,1131945081
7010,1629250111
7011,1149990514
7012,1447465744
7013,1664223403
7014,1462817599
7015,1186843083
7016,413249301
7017,1349798659
7018,1777336354
7019,788548820
7020,864816968
7021,56389730
7022,956162858
7023,1787223586
7024,1540093151
7025,587967850
7026,426486154
7027,893587446
7028,202297447
7029,173130328
7030,554709078
7031,1570256130
7032,598573244
7033,13491234
7034,1434006166
7035,275533009
7036,692324188
7037,526967589
7038,543938170
7039,1415359289
7040,235210415
7041,110779250
7042,230212802
7043,1157266505
7044,221967278
7045,585339707
7046,1602421465
7047,1430304367
7048,596372487
7049,1133933157
7050,1518244497
7051,1737421331
7052,1359342521
7053,1593376517
7054,763960369
7055,830003912
7056,1158127957
7057,1975110107
7058,598479627
7059,1929277166
7060,1548754132
7061,446214106
7062,1895211550
7063,148656781
7064,1994378344
7065,1037337573
7066,771680076
7067,1172791118
7068,968016227
7069,1548345489
7070,530273969
7071,263170312
7072,1279896254
7073,1991637622
7074,435034830
7075,196400615
7076,796113572
7077,1406359422
7078,570910752
7079,1610691210
7080,908561145
7081,1319498874
7082,838998686
7083,1128889839
7084,789932372
7085,568458186
7086,922436501
7087,1550080834
7088,383561603
7089,539802106
7090,449248308
7091,774628655
7092,740691570
7093,1705043961
7094,1091905961
7095,1846872487
7096,331012103
7097,1291624267
7098,238945419
7099,1949684116
7100,1940936385
7101,426655251
7102,1891729924
7103,1575536208
7104,1889118597
7105,1713174921
7106,631754081
7107,921169693
7108,470984886
7109,343115970
7110,1835629248
7111,1787786005
7112,1063591503
7113,1622430847
7114,515847362
7115,170973495
7116,429098555
7117,1635359470
7118,613873946
7119,1380946952
7120,1971659505
7121,1032340532
7122,869314915
7123,290951135
7124,142233193
7125,1874422556
7126,1299869869
7127,233953703
7128,642786077
7129,776301320
7130,1940150211
7131,1900684730
7132,1794150399
7133,1783775344
7134,308643
7135,1202505559
7136,1775077010
7137,491160207
7138,1982681395
7139,1527434886
7140,921175974
7141,702058979
7142,513365241
7143,1735127853
7144,671899614
7145,603138064
7146,793337495
7147,1868111343
7148,594699307
7149,1371309230
7150,744464379
7151,341816752
7152,175822504
7153,918630334
7154,1699195008
7155,1940751034
7156,353980039
7157,1649331072
7158,1149818885
7159,909353467
7160,1979919585
7161,1970039073
7162,691557724
7163,1151179420
7164,1957059098
7165,1676645135
7166,251848947
7167,1597714816
7168,1222637749
7169,259517741
7170,1856768222
7171,45611351
7172,1292501376
7173,1076913053
7174,1009911709
7175,1039786204
7176,123510231
7177,233508759
7178,764418818
7179,1384963298
7180,1643394446
7181,1359000062
7182,1942648978
7183,712540900
7184,479936754
7185,1274202570
7186,1154432678
7187,1985950154
7188,1227161910
7189,34393161
7190,919811437
7191,1945880461
7192,559984004
7193,39151202
7194,672515115
7195,744055398
7196,1565788498
7197,684721037
7198,805211355
7199,795216598
7200,1547461488
7201,1877132468
7202,432418126
7203,584628273
7204,193910657
7205,1107940696
7206,662186624
7207,1321387601
7208,994637260
7209,587855844
7210,1752186353
7211,363868292
7212,1344247032
7213,1362527651
7214,272026053
7215,1086375198
7216,322653663
7217,1058969452
7218,1518019159
7219,1835847794
7220,1719693261
7221,889346942
7222,1861703739
7223,217227324
7224,933628982
7225,1957717569
7226,77095602
7227,131497776
7228,652569101
7229,761569497
7230,319689552
7231,1871625597
7232,698579855
7233,581628377
7234,1903838789
7235,844538403
7236,1497547520
7237,211822781
7238,363792182
7239,1201342357
7240,663772552
7241,342740216
7242,152898965
7243,1212591850
7244,1535802634
7245,534745350
7246,1967774470
7247,632452861
7248,976709409
7249,1571857959
7250,24876272
7251,1375511681
7252,1526424949
7253,1554963261
7254,195637273
7255,1374414217
7256,486335590
7257,474226693
7258,693391961
7259,489416781
7260,1493131972
7261,472850230
7262,1741095316
7263,740811632
7264,1775744340
7265,317984231
7266,1008556778
7267,1059502027
7268,1600292008
7269,1435780634
7270,1051044693
7271,295529033
7272,204556764
7273,723594200
7274,717518612
7275,49177164
7276,729524258
7277,1916752767
7278,134124749
7279,1448604905
7280,1059584446
7281,1173822172
7282,421749244
7283,1859609996
7284,39841454
7285,1301053763
7286,955414089
7287,514689683
7288,1161987609
7289,712829408
7290,105363888
7291,344794304
7292,1479272998
7293,1944885402
7294,1415603239
7295,813701577
7296,1186274680
7297,1953814716
7298,1606599361
7299,788607383
7300,60713425
7301,401006361
7302,1909840745
7303,581896068
7304,473267605
7305,832866186
7306,1664533803
7307,859002540
7308,1258159819
7309,121985909
7310,440504738
7311,736900423
7312,1157723237
7313,1921297995
7314,1521467861
7315,1157771096
7316,1137662359
7317,201122751
7318,614211702
7319,535383378
7320,1309774220
7321,347585158
7322,1356742731
7323,668770450
7324,1111884630
7325,794102505
7326,718370196
7327,361501922
7328,1408825674
7329,138330514
7330,1826796378
7331,1514497792
7332,395345222
7333,1040821598
7334,544489392
7335,148259290
7336,1624113272
7337,1470587054
7338,1917846727
7339,1252054283
7340,1782558033
7341,582105843
7342,260314610
7343,1908664746
7344,1716348325
7345,1438265837
7346,1363288540
7347,1599300558
7348,325109070
7349,324472001
7350,775984213
7351,392859633
7352,1233201684
7353,199692869
7354,834291761
7355,443762052
7356,1458811239
7357,976629997
7358,624965825
7359,1896896445
7360,1173532208
7361,457890536
7362,1486807639
7363,1999283499
7364,466160049
7365,1939574177
7366,1179525001
7367,1152470161
7368,1084841032
7369,837424511
7370,1227329156
7371,1886871851
7372,1852563574
7373,363869094
7374,894136103
7375,1589898119
7376,1693655571
7377,1134736898
7378,1034728972
7379,1679732745
7380,905471124
7381,1714951073
7382,1447929184
7383,578930662
7384,245600936
7385,625698072
7386,732475022
7387,1465579953
7388,312756533
7389,52021028
7390,1077536257
7391,1011497487
7392,529083290
7393,907366082
7394,979688484
7395,338002319
7396,862309777
7397,1440086025
7398,1419014184
7399,1708023033
7400,1828857008
7401,1488113349
7402,1576054962
7403,1453665444
7404,623874329
7405,219203604
7406,1114170412
7407,572042572
7408,1218400698
7409,1382403750
7410,1217947385
7411,539690205
7412,478094644
7413,962066925
7414,1682589050
7415,1395868829
7416,922438218
7417,1972756027
7418,1717500783
7419,291041892
7420,39046783
7421,945970943
7422,742770481
7423,1862587928
7424,311175376
7425,1497669173
7426,1118092121
7427,992371110
7428,1626717676
7429,1955024800
7430,1376864807
7431,549219297
7432,659205241
7433,892561481
7434,483253917
7435,1983208900
7436,639906509
7437,986497728
7438,1910339611
7439,1845735802
7440,383620378
7441,927437092
7442,921207810
7443,665005497
7444,1888971608
7445,512028982
7446,1342710598
7447,805218357
7448,597616821
7449,1467186712
7450,324782394
7451,1645888044
7452,114740922
7453,1286138477
7454,288169842
7455,1563311263
7456,1549227259
7457,122039922
7458,476699890
7459,492714954
7460,210633851
7461,1070796654
7462,1848981269
7463,638235162
7464,1074325108
7465,1439780718
7466,797572328
7467,527511037
7468,536646721
7469,579729023
7470,1889967864
7471,1380653928
7472,1636495592
7473,397526700
7474,1684933606
7475,1766489575
7476,1078343067
7477,466734525
7478,619590599
7479,1854256959
7480,675166613
7481,1710786889
7482,249058807
7483,1507285346
7484,1964336364
7485,191377753
7486,1772379904
7487,769991322
7488,1148099825
7489,1192185586
7490,1183483948
7491,647226425
7492,1115878783
7493,1528135957
7494,247447403
7495,1756472366
7496,1763956508
7497,1797225742
7498,102191772
7499,1886513210
7500,876363777
7501,1706099575
7502,329477795
7503,250605156
7504,1652311250
7505,210184230
7506,871153916
7507,950821016
7508,898160162
7509,95327904
7510,260634441
7511,303844965
7512,1762464952
7513,1403567590
7514,1019704781
7515,195732863
7516,1977724778
7517,973750333
7518,890508010
7519,165672261
7520,1445493486
7521,1046823069
7522,768816821
7523,76476478
7524,1862157241
7525,825320237
7526,1216422313
7527,1457464960
7528,1879429512
7529,1022694303
7530,1371818136
7531,634844436
7532,198777291
7533,19326118
7534,1962704799
7535,345549637
7536,253405965
7537,1354279
7538,576188361
7539,1303152632
7540,906194413
7541,261078174
7542,1163169386
7543,1435547467
7544,143411680
7545,353695049
7546,302703688
7547,257587883
7548,389554132
7549,771850781
7550,205459987
7551,169613048
7552,1355198066
7553,253385956
7554,1236104473
7555,747794961
7556,32084282
7557,1085577107
7558,1122531688
7559,528769369
7560,1973642233
7561,505750344
7562,1713009042
7563,476857583
7564,1602414900
7565,1835474018
7566,657921411
7567,326331461
7568,1324347793
7569,1620466597
7570,1891325011
7571,944670170
7572,895427241
7573,148239000
7574,1255260834
7575,3108054
7576,1399336393
7577,294485646
7578,1994500608
7579,1239450862
7580,949058127
7581,367380645
7582,1577961312
7583,671330724
7584,1698772169
7585,1140260218
7586,1865799040
7587,1409734587
7588,1591328637
7589,629778080
7590,1437676845
7591,396039271
7592,1319729565
7593,40617931
7594,719262034
7595,488744323
7596,1206141543
7597,984340052
7598,340638048
7599,1025887697
7600,389018329
7601,1806107788
7602,737869521
7603,630663088
7604,295113641
7605,986019987
7606,789385179
7607,1150397435
7608,198904980
7609,405938143
7610,1328541170
7611,459409880
7612,1520687785
7613,1773016600
7614,340158435
7615,1674149775
7616,1197453113
7617,1978067731
7618,1765412359
7619,439075534
7620,1730959235
7621,1346661837
7622,726496244
7623,1304321162
7624,1480970299
7625,90586205
7626,1645959352
7627,830870016
7628,547323578
7629,896961777
7630,188485285
7631,216184557
7632,650140295
7633,1252066846
7634,1108350835
7635,643479983
7636,145425205
7637,579382371
7638,673380472
7639,1925310176
7640,1835569458
7641,268495544
7642,1766432356
7643,714128241
7644,37935223
7645,1187199114
7646,899857825
7647,520205986
7648,197097884
7649,525905630
7650,615026325
7651,496284266
7652,713618840
7653,1683662113
7654,515317768
7655,1943749121
7656,963693264
7657,1510551485
7658,52897154
7659,835907372
7660,864878109
7661,254788501
7662,1861407658
7663,212238018
7664,102633946
7665,552535910
7666,358630699
7667,320430850
7668,708397233
7669,601594247
7670,1059233402
7671,1064825283
7672,1121823334
7673,70576167
7674,407390570
7675,948022185
7676,312289861
7677,1883468769
7678,427959300
7679,747519181
7680,579527109
7681,696640795
7682,882743189
7683,1032770624
7684,158999145
7685,135551387
7686,1291742970
7687,447535536
7688,1384606532
7689,333613929
7690,896473681
7691,931999166
7692,472049800
7693,209100538
7694,319317613
7695,33791835
7696,1967858782
7697,40112372
7698,1790052128
7699,1605269263
7700,1362143872
7701,272082073
7702,54896864
7703,1012469347
7704,478119646
7705,672455737
7706,953618663
7707,112366680
7708,519442878
7709,1011518919
7710,1583830078
7711,1484548734
7712,561639932
7713,1371564775
7714,32666430
7715,1464403281
7716,1008569085
7717,1309110159
7718,1956732718
7719,1931904941
7720,1422467067
7721,1922651169
7722,131989302
7723,575231938
7724,298392276
7725,1147658064
7726,218686277
7727,1531636066
7728,1000304144
7729,1660595292
7730,1858036320
7731,1424423460
7732,1443805396
7733,3028438
7734,580919031
7735,698109646
7736,1544408918
7737,580719864
7738,915028383
7739,1978464450
7740,724887860
7741,604396131
7742,776745268
7743,351040749
7744,839308954
7745,809215283
7746,89218803
7747,1238510268
7748,1650888653
7749,47039230
7750,1786477217
7751,1288521933
7752,53726813
7753,893971552
7754,127052696
7755,1705700997
7756,547291298
7757,869912325
7758,1757309337
7759,338721068
7760,1354093817
7761,477169425
7762,1118227678
7763,1482049466
7764,1276116252
7765,417078452
7766,483804761
7767,726566067
7768,1641723158
7769,1614638097
7770,798871811
7771,1496743709
7772,742295024
7773,464556002
7774,1938335701
7775,1366038778
7776,386585681
7777,581909845
7778,526862872
7779,568924975
7780,882510078
7781,1962057200
7782,505087338
7783,1855028279
7784,1354576740
7785,1320049930
7786,349003605
7787,1071993022
7788,480788229
7789,1913564534
7790,1692685343
7791,548358464
7792,648097747
7793,1770456792
7794,127559544
7795,1555410879
7796,874408303
7797,401652849
7798,802379372
7799,793070901
7800,1100249908
7801,402319069
7802,1509679698
7803,154920197
7804,330905930
7805,776800969
7806,1241648104
7807,1634640000
7808,95488291
7809,500850773
7810,1240415690
7811,1123551889
7812,1891807396
7813,692181517
7814,1135263128
7815,786444125
7816,1370945719
7817,153183169
7818,241185852
7819,821406904
7820,253695595
7821,1348174707
7822,296143603
7823,1152748264
7824,136103267
7825,1359937649
7826,1304414959
7827,850326593
7828,1352271201
7829,1350499642
7830,1765011534
7831,1214262099
7832,99675392
7833,219179228
7834,1610113203
7835,1114815407
7836,125924504
7837,1425896430
7838,1819570244
7839,1833705822
7840,1634564849
7841,1523292319
7842,176744970
7843,1739404267
7844,804081901
7845,1574768647
7846,1333735791
7847,530609770
7848,1349589392
7849,1722285182
7850,1094553573
7851,1814153489
7852,161225945
7853,1438726164
7854,1090279406
7855,361008162
7856,1246735889
7857,615563071
7858,1527820486
7859,1894563979
7860,1378439276
7861,1378322566
7862,1560737848
7863,1524164285
7864,1386402171
7865,1834645471
7866,1422286918
7867,231297774
7868,229976740
7869,107851744
7870,1494198506
7871,1642398320
7872,165216305
7873,1759690643
7874,502948638
7875,1398757719
7876,1548098830
7877,1460002227
7878,753878640
7879,1619852868
7880,122559311
7881,1974327726
7882,1011693344
7883,1512610220
7884,556541770
7885,790119524
7886,378593211
7887,1662196572
7888,1770724323
7889,509285484
7890,160029484
7891,127507115
7892,1454503388
7893,947289790
7894,133884451
7895,805927821
7896,417578091
7897,100741267
7898,869101700
7899,269822284
7900,789758241
7901,1261360235
7902,1471517998
7903,917450463
7904,16514164
7905,1062613789
7906,473830454
7907,1717420010
7908,189930665
7909,1625381528
7910,410134959
7911,183775974
7912,1897365440
7913,1364784288
7914,200732185
7915,1374319720
7916,837739420
7917,784467834
7918,145187662
7919,536733823
7920,1703049758
7921,417901241
7922,339080661
7923,1705152926
7924,1219558694
7925,1698163329
7926,1567689558
7927,537215168
7928,1189264007
7929,316562545
7930,161165241
7931,1072947273
7932,171710051
7933,19844997
7934,1543937412
7935,1200229877
7936,413413710
7937,1625438544
7938,1693800120
7939,1880575519
7940,1580825944
7941,1213187451
7942,892042417
7943,872317380
7944,760382330
7945,1261527265
7946,975583963
7947,1716862012
7948,1896330596
7949,501649364
7950,765548772
7951,697604657
7952,1557291022
7953,281430616
7954,870270236
7955,1556736111
7956,713150339
7957,1347444304
7958,1382919572
7959,1599179516
7960,20052157
7961,1005400324
7962,726431402
7963,861584048
7964,1976611514
7965,1759959791
7966,1485829110
7967,1789919720
7968,1660731307
7969,852646842
7970,1821921095
7971,708055981
7972,433152501
7973,626357757
7974,1343747559
7975,611682835
7976,792928655
7977,1327673374
7978,58897919
7979,1055965894
7980,765536391
7981,1305843061
7982,303086494
7983,1680761762
7984,497162711
7985,351043694
7986,983747338
7987,1186600013
7988,1759733653
7989,1503661876
7990,1644629997
7991,893238603
7992,570812652
7993,1188141185
7994,1412609813
7995,1763797270
7996,1443777834
7997,682858902
7998,1069025249
7999,1481720681
8000,843233194
8001,1533023873
8002,1026904090
8003,1345258125
8004,1886430073
8005,1969820624
8006,190830521
8007,730946049
8008,112980996
8009,1319737008
8010,1132132473
8011,1592109547
8012,1963087663
8013,1328713968
8014,801004112
8015,1560072928
8016,380347640
8017,1462427727
8018,782826904
8019,1417377888
8020,88797697
8021,1414968027
8022,1420983185
8023,1821288436
8024,463506605
8025,549491981
8026,1147704248
8027,1077946879
8028,1814524416
8029,739592893
8030,908980796
8031,1718456685
8032,1090260085
8033,54927350
8034,358903204
8035,1856139161
8036,1606532465
8037,1071778643
8038,574012708
8039,750932286
8040,1724898293
8041,1146461167
8042,1116393586
8043,105749822
8044,1267621226
8045,1801829457
8046,1561383273
8047,248283436
8048,1046882422
8049,1523241835
8050,1719423731
8051,1023615121
8052,784101630
8053,802142714
8054,1598038226
8055,451642392
8056,801085110
8057,293696377
8058,1502824923
8059,429142231
8060,194073755
8061,1121096010
8062,1985445008
8063,1551720405
8064,12697927
8065,1076258019
8066,1562642954
8067,1570148749
8068,1433823009
8069,1965080166
8070,155853026
8071,1054568084
8072,1502614182
8073,1790801352
8074,1508760269
8075,1413524500
8076,209945607
8077,270743148
8078,338080218
8079,1511559050
8080,1100881978
8081,581131502
8082,1693264148
8083,1318654406
8084,1683339087
8085,161670454
8086,1698936570
8087,1308583003
8088,1436712602
8089,299261719
8090,1591678231
8091,306491268
8092,288556580
8093,1489058543
8094,1024843950
8095,315267793
8096,821381227
8097,723304185
8098,931631655
8099,267804522
8100,1327750393
8101,1639428850
8102,800638885
8103,1308558795
8104,547233701
8105,1228430133
8106,389454651
8107,989824848
8108,460778010
8109,367529971
8110,1815543954
8111,754122217
8112,200048958
8113,42552987
8114,1964620077
8115,447938489
8116,1737792878
8117,1337128996
8118,735273681
8119,1244361346
8120,1838701830
8121,1242217094
8122,400093561
8123,1208286215
8124,1674766207
8125,275709347
8126,1950013944
8127,839240619
8128,710136021
8129,1653590260
8130,1533465999
8131,1153347524
8132,1065134719
8133,1575794693
8134,238587383
8135,1064381431
8136,1478191363
8137,1663645170
8138,1007898489
8139,344598675
8140,1170248328
8141,1752746602
8142,498861636
8143,1459042769
8144,897530912
8145,910911468
8146,725668522
8147,670640996
8148,63622936
8149,66116468
8150,619615815
8151,984352740
8152,1291982492
8153,1633505244
8154,1964009769
8155,1862956918
8156,201929233
8157,439045182
8158,611588399
8159,140062309
8160,954814880
8161,1737133468
8162,1182925039
8163,996258049
8164,1099257569
8165,932160167
8166,321541436
8167,451906598
8168,1562424443
8169,650605385
8170,101697781
8171,797532370
8172,679047356
8173,1043455522
8174,1068634461
8175,800562427
8176,114120960
8177,1533064218
8178,799101331
8179,456046842
8180,1710701540
8181,1631982558
8182,732144232
8183,1998882383
8184,392038608
8185,675400395
8186,1958597984
8187,115409795
8188,1185455331
8189,606949684
8190,1280983503
8191,637070306
8192,1413416710
8193,1321924192
8194,175368150
8195,1340512609
8196,162900199
8197,1086111314
8198,1808590353
8199,1022088408
8200,758867666
8201,586677328
8202,620438249
8203,1344279018
8204,482617596
8205,1328078499
8206,1037011814
8207,230816064
8208,773503772
8209,919105310
8210,378541657
8211,1500647143
8212,1439258874
8213,1793414951
8214,41056355
8215,1667545262
8216,671929243
8217,1873574849
8218,1570248312
8219,1224288763
8220,1896089970
8221,1353463787
8222,1605957129
8223,884091084
8224,546732942
8225,1575102098
8226,35767981
8227,217600400
8228,352801035
8229,308813403
8230,124820766
8231,938458589
8232,1360873286
8233,649676464
8234,1671968172
8235,507215456
8236,205031337
8237,491467489
8238,1183706909
8239,378719087
8240,106095737
8241,96983919
8242,794666934
8243,1977411452
8244,573760056
8245,648443085
8246,189215795
8247,1810542211
8248,1195666156
8249,567698027
8250,1651641723
8251,674045278
8252,1588607860
8253,626990854
8254,77831352
8255,1485138091
8256,239291650
8257,1856456045
8258,1421424078
8259,515810501
8260,1632047753
8261,176084051
8262,1372533546
8263,1455001478
8264,1866681644
8265,516676875
8266,356222520
8267,1770000331
8268,348659481
8269,705499893
8270,179721250
8271,1017816686
8272,830436707
8273,811381583
8274,258051332
8275,1028108022
8276,761220177
8277,476416426
8278,845159332
8279,1719102782
8280,1624242338
8281,503762248
8282,176630284
8283,339392270
8284,922031446
8285,835230429
8286,137485867
8287,231930802
8288,929805936
8289,217743004
8290,956896940
8291,1298689285
8292,152245218
8293,700379091
8294,269334189
8295,1467292977
8296,1139900868
8297,1564375166
8298,654122302
8299,369812261
8300,1891728853
8301,803464086
8302,793895988
8303,1263771117
8304,1179453288
8305,556349026
8306,2569481
8307,1242247435
8308,414308152
8309,808821069
8310,1081463307
8311,241741693
8312,1580795142
8313,770949283
8314,913953511
8315,1151041807
8316,101875119
8317,1050929137
8318,438902515
8319,1143551857
8320,1499394345
8321,1052605489
8322,472207195
8323,1550506775
8324,1227440118
8325,456226462
8326,1714611080
8327,1605219572
8328,1262076110
8329,1489833170
8330,1377654738
8331,650288773
8332,356938514
8333,1849120991
8334,1818980391
8335,720585702
8336,932961010
8337,1318043641
8338,1937712039
8339,67320429
8340,442891148
8341,6757122
8342,715153785
8343,1078934117
8344,1787660564
8345,1243907482
8346,340021510
8347,1601920165
8348,493432505
8349,1439978327
8350,1427805869
8351,33983669
8352,1130755059
8353,1727489162
8354,525355530
8355,489873289
8356,1728054040
8357,1548541188
8358,1296154237
8359,1165694481
8360,1644685502
8361,117739337
8362,930868881
8363,787745835
8364,323071833
8365,961998196
8366,1049964057
8367,373357822
8368,1028290505
8369,1025755383
8370,1965252573
8371,1526419765
8372,1342628303
8373,667199925
8374,1410089963
8375,1371592867
8376,1193161988
8377,1268479237
8378,1314311793
8379,187942532
8380,961161991
8381,1299567456
8382,1686413914
8383,1753261759
8384,11863729
8385,366050414
8386,1755519931
8387,760113477
8388,1062569251
8389,250363758
8390,220817474
8391,1233025847
8392,1019418378
8393,681031829
8394,1740297596
8395,148111304
8396,566083451
8397,277186414
8398,239507489
8399,518900065
8400,188642868
8401,441112637
8402,1294037958
8403,1571218484
8404,1485039641
8405,1739825123
8406,1657659207
8407,343423744
8408,679915144
8409,1982656121
8410,454947311
8411,41454716
8412,906256239
8413,990871905
8414,107685604
8415,706977285
8416,977081285
8417,748560817
8418,426082588
8419,76997015
8420,1312992300
8421,1877523338
8422,829796562
8423,144795564
8424,1148754583
8425,192524913
8426,1319896102
8427,121718746
8428,1855041681
8429,1668707996
8430,406716612
8431,1486206116
8432,1781958647
8433,1600646754
8434,1148262008
8435,912579075
8436,1691635853
8437,9817857
8438,486910737
8439,1038187914
8440,1618873553
8441,658196973
8442,478175238
8443,463391381
8444,965171404
8445,1838167975
8446,537031425
8447,1403768858
8448,1723712468
8449,99628605
8450,1085578521
8451,758548829
8452,1025123521
8453,1268890257
8454,705500005
8455,884051612
8456,435234054
8457,951488546
8458,1380675463
8459,1021232987
8460,1399544265
8461,1273731516
8462,234748906
8463,351972772
8464,24832171
8465,1588306896
8466,723512681
8467,1319747755
8468,559683602
8469,1863257364
8470,844724324
8471,1519531482
8472,1931852981
8473,1276887614
8474,1202720729
8475,119742542
8476,756733757
8477,48256354
8478,324173000
8479,536259309
8480,259554487
8481,241388525
8482,726649016
8483,1199004205
8484,572823824
8485,998377413
8486,726591811
8487,702634019
8488,1809426586
8489,1227707088
8490,165431896
8491,1011280084
8492,1663825211
8493,1237800628
8494,516828148
8495,1462106974
8496,831872772
8497,1664035753
8498,1324898385
8499,1439586670
8500,1313245180
8501,1698020857
8502,1614008948
8503,1137979355
8504,1664970600
8505,1240923986
8506,435877743
8507,1161205610
8508,905759607
8509,1777849111
8510,972559923
8511,61544820
8512,1829171932
8513,472891566
8514,348544404
8515,1197706438
8516,1348128750
8517,759830053
8518,1124570589
8519,1955317833
8520,1725715800
8521,973832416
8522,1211276055
8523,727338975
8524,1062877441
8525,708909582
8526,656201249
8527,1389572681
8528,145339554
8529,456868207
8530,1339375985
8531,1495686955
8532,1493757902
8533,59616144
8534,296640835
8535,1186307227
8536,1975486728
8537,1235982318
8538,558505167
8539,1959044038
8540,1896172515
8541,1729170333
8542,28232967
8543,712541593
8544,375126699
8545,335355151
8546,848932082
8547,1979846728
8548,1610184885
8549,1378735742
8550,1734660514
8551,860673132
8552,1015896102
8553,1071332762
8554,1560329440
8555,924848973
8556,708045736
8557,1506257734
8558,561589909
8559,1323434405
8560,238344476
8561,746260892
8562,1465899036
8563,945976196
8564,686714712
8565,1064483558
8566,230212679
8567,626313307
8568,18396087
8569,1305430552
8570,904490844
8571,1285577709
8572,104978177
8573,1423852436
8574,389041149
8575,1783287914
8576,748068972
8577,457998317
8578,221406402
8579,792218387
8580,1456333947
8581,900469815
8582,779936643
8583,1105623734
8584,1291151882
8585,441401483
8586,1782553742
8587,1501171441
8588,1238685138
8589,747833390
8590,1883606449
8591,257630645
8592,556018321
8593,1715851472
8594,1578913241
8595,350190215
8596,573894091
8597,914824913
8598,430745696
8599,1585612885
8600,742052168
8601,741717610
8602,1603521209
8603,29276120
8604,280567387
8605,478365423
8606,1566557177
8607,662161012
8608,1464343132
8609,1345020558
8610,1428073446
8611,1031163322
8612,1826762967
8613,814759673
8614,1043729537
8615,256453822
8616,1185679037
8617,1735122979
8618,605372948
8619,145667225
8620,815309569
8621,272264944
8622,1094400945
8623,387112398
8624,533958762
8625,473270622
8626,1280124575
8627,959977702
8628,512087553
8629,934164513
8630,1652643264
8631,1901376146
8632,461570347
8633,939132644
8634,734678516
8635,371827586
8636,1045401219
8637,37366935
8638,1540704710
8639,1401029523
8640,1189137039
8641,1202190490
8642,289088685
8643,1395765027
8644,1296555167
8645,787571124
8646,1542630675
8647,240483504
8648,659456840
8649,1567440538
8650,1652904099
8651,412990833
8652,713692112
8653,1345328697
8654,1125196390
8655,1701012829
8656,1882645818
8657,1171269331
8658,1273498566
8659,763765396
8660,1456319930
8661,208823198
8662,360173083
8663,330051718
8664,571899095
8665,1898847524
8666,673694440
8667,458661526
8668,1441670964
8669,1489392215
8670,1145396598
8671,1139144098
8672,1768976774
8673,671465276
8674,1820800540
8675,359619239
8676,918942709
8677,78761006
8678,1564909582
8679,1248706411
8680,8743992
8681,1400884187
8682,234152890
8683,1769132665
8684,1381239006
8685,1880452035
8686,1621559732
8687,716563611
8688,1487024498
8689,1805141653
8690,1990467962
8691,657074453
8692,1745790980
8693,1741647778
8694,1741868773
8695,1109574094
8696,1361792043
8697,445610687
8698,979194741
8699,1143116878
8700,616803407
8701,1326821930
8702,320429009
8703,477407405
8704,1875384423
8705,827673024
8706,213173542
8707,116076741
8708,244010648
8709,1658833090
8710,45646798
8711,1000548691
8712,530720103
8713,378378998
8714,1334180525
8715,393817573
8716,1341956607
8717,904649965
8718,1046950410
8719,652997061
8720,946630993
8721,657101429
8722,1151472878
8723,1275303250
8724,318916101
8725,1661384832
8726,668444982
8727,1542903306
8728,750984141
8729,56135129
8730,873867227
8731,611056313
8732,38646026
8733,552122082
8734,1460884339
8735,1669145194
8736,372179827
8737,1245064046
8738,962792988
8739,234209718
8740,1484367483
8741,1486239665
8742,1150748644
8743,790973384
8744,1949440633
8745,1707930800
8746,955655161
8747,841113803
8748,731546778
8749,1863219241
8750,1119814670
8751,538982629
8752,1281584677
8753,148951742
8754,1158275628
8755,1246812102
8756,1401370290
8757,1114469483
8758,484201102
8759,1894068716
8760,595598720
8761,1835841508
8762,769335190
8763,1724553646
8764,1202203782
8765,560179319
8766,522311455
8767,824344034
8768,326511787
8769,1650612535
8770,122904167
8771,158449473
8772,1167456039
8773,1186332855
8774,1672410363
8775,249050695
8776,343984943
8777,1856908457
8778,761701320
8779,1879363891
8780,1190033494
8781,198067997
8782,1259245944
8783,1997404338
8784,224261430
8785,1962780283
8786,1527734256
8787,236374251
8788,235826568
8789,594109464
8790,1587545816
8791,1332967907
8792,1855537472
8793,448192682
8794,1082925534
8795,1776733008
8796,1703553237
8797,1952914805
8798,1761622029
8799,586625691
8800,992871785
8801,757914204
8802,986146658
8803,713816919
8804,1957529490
8805,569351199
8806,1195010899
8807,110123609
8808,1665436174
8809,1721676475
8810,1394766009
8811,74355724
8812,1266086419
8813,1017492179
8814,201188660
8815,1529224287
8816,705050468
8817,386801429
8818,1412295554
8819,1436798801
8820,1923573723
8821,1798845993
8822,1048161095
8823,1535162320
8824,1448497545
8825,1898796609
8826,1061820317
8827,1670086567
8828,1449635152
8829,1273479031
8830,1421365383
8831,1412624947
8832,690478482
8833,1083348524
8834,1842344562
8835,199203406
8836,198624869
8837,120636763
8838,1226739387
8839,1600833052
8840,1121674939
8841,892881557
8842,849500514
8843,342735598
8844,418613467
8845,1510996700
8846,1707437967
8847,1158361767
8848,263332732
8849,1084632731
8850,1885518596
8851,834046149
8852,349717722
8853,737364362
8854,390699621
8855,1982422779
8856,366008497
8857,67682026
8858,514135332
8859,1468480639
8860,803511276
8861,1992311441
8862,779060659
8863,541477689
8864,1290167894
8865,1333082095
8866,19032053
8867,661486633
8868,212688314
8869,461577867
8870,1626399142
8871,683536442
8872,1819920161
8873,1477123415
8874,1508145446
8875,635281874
8876,949367489
8877,1624951859
8878,219113274
8879,74540876
8880,1166841951
8881,21000571
8882,1920166626
8883,815597630
8884,410946454
8885,317725102
8886,1156470091
8887,1038165361
8888,1008632180
8889,484076909
8890,1458312155
8891,1646131616
8892,1440219847
8893,847105648
8894,626724250
8895,1338385999
8896,614104203
8897,325644782
8898,1285757806
8899,1551950463
8900,925719287
8901,684803542
8902,691993619
8903,850475782
8904,955503658
8905,1243739018
8906,1630726916
8907,1303391490
8908,1335068647
8909,465189134
8910,550570653
8911,204618768
8912,922273709
8913,1086906268
8914,160017040
8915,692622765
8916,746829418
8917,869535859
8918,822212668
8919,1709040108
8920,869760694
8921,1245498364
8922,940218251
8923,1759524615
8924,1982836502
8925,1052694019
8926,928630120
8927,395991989
8928,822230178
8929,1849807588
8930,1332581518
8931,1801170445
8932,1898957266
8933,380957247
8934,680005098
8935,169620920
8936,36901864
8937,285527190
8938,1032684747
8939,1033655151
8940,675532380
8941,1547028191
8942,581892912
8943,383440491
8944,894908071
8945,1217387774
8946,1194296046
8947,378400337
8948,496506696
8949,140742687
8950,1763324067
8951,927245533
8952,1340145601
8953,1326157558
8954,452521417
8955,173254005
8956,1925684810
8957,640055201
8958,1340129806
8959,1070899956
8960,1042329314
8961,10200381
8962,1515166901
8963,935505198
8964,481952732
8965,1741525571
8966,431017122
8967,1705542581
8968,723703429
8969,925400383
8970,1349909066
8971,675579027
8972,1874463840
8973,210303260
8974,607364705
8975,797527600
8976,1110597520
8977,441394838
8978,1265858766
8979,728261419
8980,156644153
8981,1856018195
8982,1553857043
8983,1318168294
8984,172456629
8985,1571547738
8986,763149625
8987,527087334
8988,1675670056
8989,1169183157
8990,363478681
8991,1770897927
8992,794675797
8993,175792493
8994,1426880459
8995,1338587770
8996,72334485
8997,820358545
8998,1982112003
8999,1517558383
9000,1702831698
9001,1639727857
9002,699417421
9003,1793854758
9004,1178261197
9005,923422208
9006,1133378317
9007,1492116850
9008,866911700
9009,818026998
9010,1113202244
9011,1342383640
9012,402369363
9013,17578897
9014,177025379
9015,920435968
9016,350590165
9017,566883696
9018,1637502399
9019,1198067419
9020,1073046072
9021,1388163953
9022,408160223
9023,333378519
9024,1250515587
9025,841026483
9026,1334287169
9027,1032642441
9028,1541131376
9029,269722376
9030,1869485521
9031,1201900173
9032,1145566920
9033,898250912
9034,364012409
9035,449107310
9036,1564536629
9037,1618070951
9038,1820887843
9039,1654389791
9040,49759794
9041,1762162176
9042,1123645455
9043,148832771
9044,113047412
9045,285796299
9046,1885804667
9047,537907081
9048,304932309
9049,984758920
9050,1590265796
9051,1518043031
9052,235480903
9053,1699254681
9054,415361863
9055,676591453
9056,1108375409
9057,207124215
9058,693863627
9059,1070473350
9060,548240693
9061,309784715
9062,1421113418
9063,812368360
9064,1152386043
9065,1049905262
9066,1715697700
9067,152742231
9068,440114969
9069,1369538263
9070,1503203382
9071,1663589589
9072,1183137588
9073,993149601
9074,1524616335
9075,972849643
9076,714898069
9077,175292623
9078,975416902
9079,1934802678
9080,1750012168
9081,712193150
9082,520802793
9083,197819357
9084,1856136897
9085,1927018631
9086,1380086275
9087,1444334749
9088,706883208
9089,1432200086
9090,186514752
9091,60931156
9092,1344560666
9093,1211694825
9094,891838596
9095,1224558848
9096,1850474729
9097,1143678389
9098,252042021
9099,242567687
9100,256741522
9101,39552993
9102,1872882714
9103,1293349584
9104,116821727
9105,1244024801
9106,1206310991
9107,690154923
9108,613753168
9109,1482750180
9110,53087650
9111,1453578768
9112,1339327288
9113,948255878
9114,257748965
9115,18468486
9116,61496379
9117,195264830
9118,1438731792
9119,617485350
9120,1255870986
9121,619950160
9122,1426096103
9123,254747115
9124,1137631378
9125,38315334
9126,113884682
9127,537885386
9128,970455808
9129,1784503082
9130,19240509
9131,706123919
9132,337851338
9133,1388118478
9134,748874907
9135,1947356204
9136,959356058
9137,1621086085
9138,633801262
9139,1113768080
9140,1493241344
9141,898395019
9142,1143883674
9143,407461736
9144,1593435441
9145,448523363
9146,1357419093
9147,1664498411
9148,1374564410
9149,121256382
9150,965152041
9151,1469821901
9152,1170671012
9153,1109802945
9154,1147415585
9155,1604468457
9156,1756812064
9157,1937429863
9158,42021693
9159,450189355
9160,1136804689
9161,1670629010
9162,1491691309
9163,585835124
9164,1283364794
9165,1847274841
9166,1324625111
9167,1365982574
9168,1249580428
9169,1754317591
9170,927569234
9171,1229725388
9172,884942137
9173,1881982582
9174,67657144
9175,935613827
9176,1881773992
9177,806022158
9178,1911565939
9179,986157294
9180,707886324
9181,423640052
9182,876162171
9183,1990756523
9184,1026621197
9185,624945669
9186,776997776
9187,1666933334
9188,1245754610
9189,966271768
9190,846416627
9191,69199805
9192,1583750797
9193,1031709423
9194,1256654870
9195,1507355653
9196,1692570688
9197,1682605989
9198,1708855222
9199,1987991127
9200,984957428
9201,1311472222
9202,502656772
9203,265446168
9204,1258090703
9205,716272427
9206,943807886
9207,552662868
9208,605088623
9209,775431000
9210,281857995
9211,482046658
9212,848253334
9213,951645673
9214,1101945593
9215,415499822
9216,1467183104
9217,1842490638
9218,1146766104
9219,1250372412
9220,350645121
9221,1403499123
9222,1195910129
9223,738403913
9224,1357168982
9225,1352943477
9226,475690848
9227,272505630
9228,477665041
9229,162248181
9230,1150902913
9231,273079913
9232,916803255
9233,1485906759
9234,1086543560
9235,833614815
9236,1373768703
9237,511465682
9238,659816150
9239,1616520534
9240,870882136
9241,447553764
9242,1019625451
9243,130383644
9244,779033117
9245,1259018222
9246,74260621
9247,673731567
9248,498583069
9249,1198493416
9250,1514306550
9251,762063168
9252,470906202
9253,1545791466
9254,1772089726
9255,1603804221
9256,874076111
9257,1110979230
9258,439522469
9259,29893357
9260,1051847735
9261,1853012087
9262,164002337
9263,1509766997
9264,925566861
9265,1907166534
9266,1633066518
9267,826841648
9268,1132700259
9269,130284518
9270,1725750728
9271,435838008
9272,1659638540
9273,418861482
9274,1957897864
9275,1371949065
9276,1555526958
9277,363388583
9278,1175470481
9279,1432740907
9280,1998030497
9281,1101853286
9282,679657425
9283,1119613965
9284,803548900
9285,469278106
9286,269831767
9287,329413675
9288,1480598400
9289,1324678546
9290,1917975860
9291,1894919167
9292,1693456919
9293,357432410
9294,287572768
9295,1003143211
9296,1070895296
9297,824234890
9298,81315479
9299,900428130
9300,1138477858
9301,1015620933
9302,1281458189
9303,1394092550
9304,989487227
9305,1332171941
9306,1213756700
9307,1817044782
9308,570188442
9309,1167444229
9310,87058983
9311,1318067023
9312,824566087
9313,1356304459
9314,1408367863
9315,271531775
9316,982658268
9317,183402919
9318,464510910
9319,1570120676
9320,1618866248
9321,1845740018
9322,682294783
9323,187417336
9324,791796705
9325,1124396644
9326,239239511
9327,1507627865
9328,1183204026
9329,350799185
9330,516962420
9331,654112999
9332,762679385
9333,317382275
9334,367492987
9335,1600646892
9336,1368276441
9337,311547028
9338,580329204
9339,425827372
9340,917865695
9341,1502201533
9342,1747972189
9343,1336629162
9344,941819011
9345,1498847073
9346,1532345297
9347,743311064
9348,1342800997
9349,1175736030
9350,1798340094
9351,206391668
9352,1741730021
9353,75003023
9354,1205444587
9355,459422797
9356,1844139176
9357,773032771
9358,742836006
9359,1313968545
9360,1200083242
9361,1360408827
9362,1498390616
9363,1642674065
9364,1859593641
9365,688097741
9366,1612882941
9367,1125076556
9368,1227421353
9369,1080260541
9370,150385912
9371,518580513
9372,156935629
9373,1967117744
9374,1093494869
9375,1135166868
9376,372180896
9377,1899200731
9378,1191842774
9379,418434118
9380,810721469
9381,648666948
9382,1597489550
9383,692105333
9384,566873404
9385,310647311
9386,267453878
9387,305179920
9388,353016742
9389,55530447
9390,182684364
9391,1635610011
9392,144008166
9393,18373255
9394,1531237539
9395,1503532008
9396,815029581
9397,1448782805
9398,348700254
9399,1613323569
9400,128209662
9401,1104530872
9402,1410120411
9403,1764431427
9404,418578050
9405,1643645578
9406,1789753841
9407,1942657889
9408,393720527
9409,672330497
9410,72722481
9411,795739907
9412,1853916129
9413,485932709
9414,875806542
9415,805023718
9416,504577566
9417,1911359642
9418,933791875
9419,14672361
9420,819000070
9421,574774952
9422,1675282132
9423,1342721254
9424,1775339822
9425,1372583319
9426,1990257931
9427,1056528909
9428,915439550
9429,939928386
9430,1971649874
9431,1962042017
9432,957055466
9433,1923607044
9434,487205064
9435,664327367
9436,1270440249
9437,855985219
9438,934851127
9439,1568015231
9440,129434336
9441,1898267752
9442,1268636684
9443,1683730746
9444,931480995
9445,514594138
9446,1343779125
9447,1563422494
9448,1486069128
9449,410593532
9450,6149508
9451,405712174
9452,457643406
9453,1448097034
9454,636514893
9455,1663972683
9456,647153007
9457,1575317334
9458,153329021
9459,3973139
9460,248605663
9461,1368762824
9462,1753141890
9463,737917742
9464,966546978
9465,9610305
9466,359907959
9467,1924679663
9468,1445375047
9469,1028384980
9470,783115875
9471,733427379
9472,1680542429
9473,359101040
9474,1467280041
9475,1428985311
9476,770156557
9477,200926557
9478,1132044640
9479,148209681
9480,874953836
9481,1087837482
9482,1829167048
9483,829923408
9484,1962372973
9485,519098425
9486,1549800508
9487,1462954109
9488,1910194289
9489,1856502314
9490,941882518
9491,1328583374
9492,1330373771
9493,1224932626
9494,911957542
9495,416023062
9496,594916136
9497,976935293
9498,1786434024
9499,21962497
9500,1562427536
9501,41317241
9502,479420660
9503,872636090
9504,1616068489
9505,1743613476
9506,457369889
9507,1155816121
9508,685813508
9509,649715919
9510,419262939
9511,1276251135
9512,1994575746
9513,1684467023
9514,244918327
9515,1714297742
9516,1691091429
9517,954213013
9518,63372152
9519,1620620919
9520,1929262612
9521,204813561
9522,587638092
9523,748259758
9524,1443913255
9525,1809264109
9526,110798435
9527,1178329319
9528,1679714968
9529,3527204
9530,952268028
9531,863909898
9532,1464032944
9533,819270035
9534,1375178424
9535,898005038
9536,1313046999
9537,784937638
9538,255585305
9539,590169566
9540,763419382
9541,510720784
9542,1547758558
9543,1404148572
9544,1907708830
9545,1714868060
9546,74602415
9547,235886491
9548,467736147
9549,817596472
9550,784763750
9551,1753324254
9552,541447659
9553,1725158524
9554,13973291
9555,146467130
9556,205452240
9557,170205135
9558,1745080715
9559,262427722
9560,262501903
9561,970544720
9562,948325334
9563,1439028668
9564,1439587775
9565,966349724
9566,1026219630
9567,1908474776
9568,677594411
9569,1746286118
9570,55805203
9571,1198080909
9572,121073191
9573,1953148543
9574,968597223
9575,531401243
9576,203144242
9577,1441701819
9578,1395680089
9579,1682920285
9580,1718050203
9581,506117400
9582,1176025166
9583,1168813890
9584,916131605
9585,1248856334
9586,1405574334
9587,1931887050
9588,117594649
9589,1737404408
9590,578151639
9591,1379451830
9592,261320815
9593,1185204524
9594,1303572630
9595,1885157711
9596,500152507
9597,1912804612
9598,254198019
9599,896560578
9600,1392019220
9601,1726281722
9602,1697470415
9603,1445091441
9604,1925530033
9605,1829360480
9606,911089602
9607,475548641
9608,1896789354
9609,1543732230
9610,432672957
9611,879026594
9612,935298083
9613,823810523
9614,377418340
9615,1642679340
9616,1584211268
9617,1516230039
9618,921331305
9619,1409090308
9620,1114484423
9621,1557772687
9622,90061193
9623,1086804299
9624,230443716
9625,530181353
9626,233527275
9627,1123197157
9628,1659612367
9629,874025402
9630,641350772
9631,647645730
9632,55962679
9633,886584000
9634,431841879
9635,860413165
9636,510271455
9637,1322477507
9638,473626907
9639,1200282376
9640,231680186
9641,600828738
9642,74431060
9643,759062520
9644,167199008
9645,1936939384
9646,887518817
9647,291810573
9648,871051132
9649,10483204
9650,1862692972
9651,955632222
9652,12745947
9653,1520882520
9654,1099641259
9655,956338944
9656,776356254
9657,1127461340
9658,1995909914
9659,1358115469
9660,1445893587
9661,1037111207
9662,165516388
9663,1683028814
9664,1355162725
9665,86508388
9666,503241347
9667,675697643
9668,1589012355
9669,1772565171
9670,1100776748
9671,858124213
9672,1875160754
9673,1712602411
9674,642362558
9675,1277844437
9676,1234571437
9677,496056660
9678,1187203963
9679,1146535069
9680,837975373
9681,568671419
9682,265142406
9683,1002413545
9684,1956810109
9685,1069912898
9686,666722577
9687,406222273
9688,1406287404
9689,445652770
9690,1081646474
9691,238696970
9692,921645255
9693,1728138563
9694,551747521
9695,1513440678
9696,1839585719
9697,847945361
9698,1018875536
9699,978805791
9700,1983021354
9701,1266109308
9702,127505160
9703,1078949129
9704,989549574
9705,633695459
9706,398801492
9707,485172664
9708,332325494
9709,102646398
9710,1438397245
9711,478697099
9712,475792727
9713,1054267963
9714,1397556939
9715,634786246
9716,202824501
9717,402123507
9718,1524414666
9719,1060168839
9720,1222922186
9721,1575336305
9722,324967377
9723,644601699
9724,1690636100
9725,1766707651
9726,1172333522
9727,823939997
9728,2910477
9729,921885074
9730,180059375
9731,1572635661
9732,1689357924
9733,1452101342
9734,662846042
9735,572173824
9736,1373352659
9737,1090029403
9738,1138193298
9739,34289029
9740,1897946826
9741,1177737861
9742,912945989
9743,1220186176
9744,1326647101
9745,1555666730
9746,1288447480
9747,1354114166
9748,1353745471
9749,711837243
9750,365785260
9751,342770641
9752,726152379
9753,1811355155
9754,1437746248
9755,362618255
9756,277016859
9757,1684532208
9758,754336947
9759,288605937
9760,1028457237
9761,1758951371
9762,374055038
9763,413946450
9764,749248640
9765,1537743609
9766,820530447
9767,790357758
9768,888794916
9769,1893467691
9770,1459194424
9771,789369831
9772,1704007549
9773,1449583093
9774,236258573
9775,959553611
9776,1862077374
9777,995362455
9778,137991864
9779,459433833
9780,137249941
9781,1867643912
9782,1366348279
9783,633301736
9784,33539602
9785,32269733
9786,682523728
9787,3513623
9788,1592601699
9789,1038249038
9790,783985523
9791,62819412
9792,1085381975
9793,1613814507
9794,352929764
9795,1670759715
9796,391800027
9797,1219196264
9798,41236865
9799,882543225
9800,74076806
9801,1487273906
9802,190637500
9803,1681244337
9804,134502102
9805,1029603616
9806,1974914806
9807,1141188979
9808,1205618182
9809,589456337
9810,1680544374
9811,235380383
9812,56025711
9813,129960814
9814,282142666
9815,1008036275
9816,1674104599
9817,1451699600
9818,366924032
9819,1990784022
9820,1635530305
9821,714498460
9822,1789465487
9823,344081487
9824,474549271
9825,144283626
9826,699329734
9827,1044004666
9828,1007213471
9829,1196181024
9830,54212379
9831,134680565
9832,532429306
9833,1661181204
9834,108135313
9835,1655838318
9836,244924032
9837,1590871283
9838,1702315961
9839,437996993
9840,627134988
9841,1711576842
9842,1120898283
9843,369431417
9844,509121205
9845,101072327
9846,152714799
9847,212577581
9848,1232785403
9849,548226470
9850,781482620
9851,758507166
9852,1829175544
9853,775964931
9854,439738916
9855,1562262690
9856,1843932092
9857,1477218484
9858,1296578531
9859,166027268
9860,1266100213
9861,653226220
9862,165747414
9863,54967817
9864,81534491
9865,1792283707
9866,1218769671
9867,415743706
9868,991464858
9869,1612957043
9870,477900719
9871,1237198439
9872,1995686181
9873,794465947
9874,1573197409
9875,72889420
9876,912501823
9877,157167506
9878,1905473892
9879,1048872826
9880,1857443093
9881,830405599
9882,737382394
9883,1119354215
9884,1110592571
9885,14652562
9886,1516589706
9887,41185234
9888,1782002258
9889,432492668
9890,573679523
9891,960478908
9892,471137205
9893,1925131528
9894,412265785
9895,483879210
9896,241635890
9897,951045657
9898,452625063
9899,1159422566
9900,1893815986
9901,974027671
9902,326886182
9903,1965679421
9904,107491733
9905,1969277012
9906,1101239881
9907,584790237
9908,148324133
9909,1650711019
9910,1726744057
9911,100393550
9912,871375873
9913,1794317181
9914,1734958283
9915,1414192125
9916,199714083
9917,833264301
9918,838758807
9919,1055495174
9920,1847914684
9921,1946615924
9922,462668360
9923,846000119
9924,1368999661
9925,1750285065
9926,506978405
9927,1624678575
9928,1473649396
9929,1963223836
9930,1179686648
9931,1447562012
9932,1953847715
9933,1971286296
9934,884455325
9935,1728882289
9936,1465545422
9937,386187386
9938,1435765355
9939,719363718
9940,1282678456
9941,1732023279
9942,783613209
9943,1595026267
9944,1658325851
9945,384973592
9946,922527835
9947,1670453954
9948,1628803273
9949,1300278389
9950,455664552
9951,794040077
9952,975874605
9953,1043093679
9954,160170995
9955,602468760
9956,1765630660
9957,1577735826
9958,1301968429
9959,1624758622
9960,1222457235
9961,326575539
9962,1405542510
9963,1850915199
9964,87503379
9965,757508201
9966,1983583325
9967,1695113646
9968,1702919323
9969,1542187341
9970,1299230987
9971,330698294
9972,254094683
9973,1156297573
9974,1641451594
9975,107706878
9976,1587903443
9977,663706513
9978,1247359503
9979,298413390
9980,196518607
9981,1322993301
9982,1191012152
9983,209651412
9984,796783279
9985,653744158
9986,1212388000
9987,306361613
9988,569539827
9989,1454197162
9990,596208142
9991,483416814
9992,297257877
9993,663359350
9994,1496394187
9995,758351475
9996,1241111934
9997,1394782559
9998,863035129
9999,1203628670
10000,1938883949
10001,645397897
10002,1596872425
10003,414817416
10004,398702535
10005,1562564367
10006,1049676698
10007,1898980034
10008,151231261
10009,51497626
10010,13417049
10011,689651251
10012,946682478
10013,556758289
10014,1567541133
10015,631989866
10016,784756237
10017,1764155086
10018,605000165
10019,1539265652
10020,1532173066
10021,1626676111
10022,495083791
10023,1644544009
10024,1428498713
10025,1894457616
10026,1881190524
10027,1355857418
10028,1361109525
10029,1752886837
10030,1300289467
10031,320829035
10032,461460673
10033,1763005712
10034,1222874952
10035,822188978
10036,1689804303
10037,484734779
10038,208969514
10039,416323739
10040,535151525
10041,573372540
10042,593826192
10043,1707109708
10044,239227783
10045,629229688
10046,1599212824
10047,1581627150
10048,1208926793
10049,1654169115
10050,1281107692
10051,711337413
10052,253000033
10053,601749167
10054,1117107794
10055,1434577175
10056,1757328106
10057,1459000285
10058,310938512
10059,573053356
10060,940561078
10061,18570449
10062,811365461
10063,440542746
10064,966387041
10065,449315802
10066,901307199
10067,53605719
10068,390361220
10069,277915746
10070,829786769
10071,664967585
10072,1747795554
10073,791705501
10074,1187567717
10075,439589984
10076,924692039
10077,1672040631
10078,976802375
10079,479449659
10080,1040860820
10081,1097273562
10082,421967397
10083,1544959993
10084,436175105
10085,1982374256
10086,1858741107
10087,1992659627
10088,39342830
10089,1645899414
10090,1248878318
10091,1983007975
10092,1269882022
10093,99583896
10094,233109317
10095,1474774926
10096,233756060
10097,94429433
10098,1389078448
10099,408432698
10100,1516294586
10101,467635503
10102,57102996
10103,1246634030
10104,725763713
10105,156558715
10106,615286535
10107,1032417691
10108,1132348701
10109,1293702744
10110,1337992861
10111,1179536417
10112,122508592
10113,418749268
10114,926833271
10115,1136207514
10116,1264021969
10117,1700904822
10118,1738512176
10119,1064196562
10120,762855925
10121,1043670658
10122,1020750816
10123,1695215343
10124,216920790
10125,1640953028
10126,1243231197
10127,1498476411
10128,1129421074
10129,459784227
10130,444346194
10131,1910803114
10132,1555773013
10133,254608727
10134,1565483285
10135,1816661177
10136,1779037642
10137,1410349001
10138,1082713561
10139,1040449
10140,914240863
10141,140241263
10142,1221749206
10143,749502361
10144,1658629244
10145,1424117316
10146,831809354
10147,1057258302
10148,1297382015
10149,858997140
10150,1407727199
10151,336628781
10152,508906382
10153,426544283
10154,1993572762
10155,301890459
10156,634426685
10157,712190974
10158,1874696654
10159,647025605
10160,1181026495
10161,1676782442
10162,110218137
10163,513723428
10164,1127910849
10165,1137318742
10166,1038876124
10167,1954491066
10168,966312245
10169,1468885997
10170,530127472
10171,266703717
10172,1252964137
10173,173153197
10174,1723047752
10175,223156526
10176,862859116
10177,1043398769
10178,366677552
10179,478090726
10180,1280020771
10181,1365425875
10182,829047527
10183,1192503197
10184,236705494
10185,1857090544
10186,1847674751
10187,1540935504
10188,733092861
10189,465011886
10190,1714125976
10191,1747145961
10192,47008128
10193,1795867409
10194,426421727
10195,488198492
10196,1969969087
10197,1269961483
10198,1794051834
10199,213888752
10200,977617260
10201,891082024
10202,1276287493
10203,1424502455
10204,1278476219
10205,876747835
10206,329795179
10207,398841004
10208,513514415
10209,1616039705
10210,1710295760
10211,768723968
10212,850469425
10213,479943396
10214,1671818248
10215,424925706
10216,884593970
10217,1973159250
10218,482615268
10219,1656186215
10220,1253467400
10221,1221530470
10222,7685297
10223,1302412648
10224,613965589
10225,1779201836
10226,1118831937
10227,944647323
10228,279897880
10229,176369934
10230,826973915
10231,586182439
10232,258245732
10233,1968349070
10234,437605937
10235,1360952843
10236,1406826440
10237,68520561
10238,808313438
10239,81116864
10240,1464491681
10241,158511066
10242,1971259337
10243,788487357
10244,918868570
10245,1732922067
10246,941517449
10247,807281133
10248,1368245912
10249,1615963790
10250,1946278665
10251,1804677448
10252,219956116
10253,1816963827
10254,1439905892
10255,1330049333
10256,266152588
10257,1126902030
10258,821164848
10259,1554334453
10260,239160828
10261,1689403821
10262,1543745475
10263,531047472
10264,1049669080
10265,1320830755
10266,1207836083
10267,1740652565
10268,740638440
10269,677423544
10270,662044788
10271,1781951001
10272,768884154
10273,1459713891
10274,1123659693
10275,1078294953
10276,1017230210
10277,30715232
10278,248683496
10279,1299129225
10280,332491983
10281,1579050720
10282,1044313357
10283,1807185153
10284,1402741149
10285,152354792
10286,1464463346
10287,299601866
10288,78729914
10289,1592808812
10290,1178637091
10291,1441806176
10292,681955213
10293,528287611
10294,474013752
10295,57357309
10296,418385352
10297,900685257
10298,1346653635
10299,1513455388
10300,185034868
10301,319806772
10302,1647927275
10303,505606274
10304,1854220925
10305,981190955
10306,1080253483
10307,34211071
10308,800347518
10309,1080985844
10310,842041697
10311,1722222356
10312,817148009
10313,1260058357
10314,1092694785
10315,108469818
10316,1262073460
10317,525126377
10318,843937865
10319,479574339
10320,736463811
10321,1660214466
10322,1220023227
10323,1482999184
10324,1825433326
10325,852365735
10326,121542826
10327,1601345501
10328,1897637403
10329,541840117
10330,1747921825
10331,151137913
10332,60600863
10333,422492439
10334,525684784
10335,60295276
10336,401868943
10337,949309693
10338,228009270
10339,1791852306
10340,1688743275
10341,112083027
10342,1098307733
10343,576415751
10344,678989323
10345,1755795669
10346,1811259311
10347,1350769670
10348,1470088930
10349,173334640
10350,679376011
10351,1199421491
10352,163813727
10353,1862690047
10354,1272199096
10355,1815790267
10356,1525332696
10357,1132253030
10358,1835766891
10359,409109657
10360,229840205
10361,1211753213
10362,1153956801
10363,1410932683
10364,1731118785
10365,11869924
10366,185183742
10367,487010538
10368,1267982213
10369,867303544
10370,1035014565
10371,1506583630
10372,1643006274
10373,1164278592
10374,780035261
10375,1922784827
10376,787967983
10377,1158223910
10378,296204578
10379,1980628347
10380,464953692
10381,730445314
10382,472937268
10383,407027384
10384,803359382
10385,1717879347
10386,742400604
10387,168576786
10388,806633325
10389,1163299281
10390,341308949
10391,316941411
10392,1345362848
10393,679047492
10394,113603315
10395,321332390
10396,941248308
10397,326087743
10398,657229975
10399,404170671
10400,342223891
10401,4007050
10402,1844982697
10403,1200288314
10404,967420095
10405,1562263137
10406,1565890720
10407,1712393568
10408,1135168867
10409,1463949429
10410,767353826
10411,1639968048
10412,1452082985
10413,79762364
10414,1007960737
10415,1531384774
10416,1109202680
10417,431900014
10418,1871071975
10419,148680444
10420,663833196
10421,734862867
10422,1514113757
10423,1120471126
10424,300518371
10425,74328250
10426,87814549
10427,25981242
10428,1268091945
10429,1587350487
10430,1577357597
10431,1877259515
10432,305572089
10433,34925666
10434,785230007
10435,94437907
10436,627380087
10437,1578581712
10438,1315875536
10439,1761615890
10440,496678204
10441,324974024
10442,882477246
10443,1135960706
10444,153170006
10445,900883907
10446,954946144
10447,102804619
10448,379540433
10449,394507374
10450,1155891721
10451,1409495835
10452,613104669
10453,1882081253
10454,871579732
10455,729187389
10456,204934379
10457,1781693537
10458,1208592162
10459,1041381666
10460,571117150
10461,1278312706
10462,1331576876
10463,1140709469
10464,1424816215
10465,1621490237
10466,571164682
10467,90509697
10468,1950585196
10469,1738978286
10470,613540968
10471,341698679
10472,1708979689
10473,542500691
10474,1142181367
10475,100459032
10476,1058628721
10477,205512070
10478,1774455538
10479,852282156
10480,1708054452
10481,529997026
10482,1035137503
10483,387441024
10484,1525618102
10485,1768072756
10486,1202071948
10487,1476018858
10488,1402358985
10489,1347765422
10490,1795641564
10491,282338712
10492,156556091
10493,1956385418
10494,514326489
10495,273543649
10496,947148092
10497,651737426
10498,244658245
10499,1160968641
10500,1254834330
10501,957161380
10502,1913619369
10503,1647261730
10504,867523976
10505,1833023529
10506,1072748544
10507,543441357
10508,1249650300
10509,1125811950
10510,254819712
10511,1336597058
10512,1782441363
10513,1756030757
10514,9861124
10515,129652061
10516,1359841515
10517,1572634656
10518,918638953
10519,1409614130
10520,1381792420
10521,455436038
10522,260494005
10523,1109305890
10524,155847188
10525,580859836
10526,1465370404
10527,1990831104
10528,218867810
10529,1700937859
10530,1935641122
10531,1246842928
10532,1791911591
10533,1391597746
10534,1434489644
10535,1862521768
10536,8476750
10537,1767178278
10538,871263130
10539,1564456029
10540,838101069
10541,1572328619
10542,1990110961
10543,611918765
10544,920042911
10545,1983875848
10546,1788661978
10547,619653741
10548,313261988
10549,1873309275
10550,1597724324
10551,1520199892
10552,685528096
10553,1471778461
10554,920000650
10555,1555185928
10556,1908970778
10557,1346838519
10558,1763964531
10559,602034358
10560,1276921935
10561,365296065
10562,753644599
10563,230635840
10564,1890581789
10565,1119261080
10566,1553385847
10567,115388970
10568,1667502856
10569,371179121
10570,573206755
10571,974467117
10572,569075043
10573,429504511
10574,1306505981
10575,1374477259
10576,1033743754
10577,106403485
10578,578149210
10579,1289127502
10580,495444280
10581,1875539995
10582,1045773504
10583,865712141
10584,1455425225
10585,1690999645
10586,1665604721
10587,1777893564
10588,1662134167
10589,550328855
10590,101675798
10591,1259849899
10592,1927828921
10593,1917948874
10594,633905826
10595,720491017
10596,1700948095
10597,350256570
10598,1967187894
10599,283199742
10600,1686133027
10601,1629034495
10602,870782780
10603,1808666432
10604,1955918843
10605,1927411008
10606,220942421
10607,1424322060
10608,1015100188
10609,453688375
10610,349343424
10611,1200647162
10612,1873649278
10613,268100746
10614,441144211
10615,1490044761
10616,1553002264
10617,1263849339
10618,1227506828
10619,1607384973
10620,1540620063
10621,1508720650
10622,399632544
10623,295258261
10624,1693755198
10625,1327528487
10626,156936900
10627,819852401
10628,182888729
10629,1713980488
10630,1061073731
10631,1624647365
10632,485504804
10633,129207410
10634,1692696526
10635,390917249
10636,296531447
10637,1265632998
10638,310494255
10639,1738872169
10640,782050630
10641,1693668945
10642,1278215097
10643,903899930
10644,407017234
10645,850492118
10646,1169854261
10647,1040823109
10648,1181355528
10649,459565094
10650,887355656
10651,1033185887
10652,1632633314
10653,950289998
10654,1925312231
10655,1851198099
10656,89019955
10657,876483108
10658,520363507
10659,1616260916
10660,361163237
10661,434089920
10662,1110075331
10663,912036579
10664,1929782139
10665,1285411615
10666,1456233879
10667,1975403494
10668,478100651
10669,1949632456
10670,1087174219
10671,110639848
10672,1479675668
10673,1700173963
10674,144123272
10675,1996856029
10676,1143542761
10677,1968421906
10678,1423847820
10679,736535629
10680,1934118760
10681,1039064589
10682,1695588312
10683,1040710633
10684,534915655
10685,1094693460
10686,465332277
10687,1868632520
10688,489413423
10689,1048554222
10690,1662980
10691,731644244
10692,1585324910
10693,1871549151
10694,89877403
10695,440051236
10696,1103608770
10697,1060526445
10698,422437087
10699,415605742
10700,1172310116
10701,1971864236
10702,1794529727
10703,1908298096
10704,164312274
10705,1761787821
10706,1124077148
10707,1922279950
10708,78067814
10709,823114022
10710,1819918030
10711,297009692
10712,347272909
10713,530273896
10714,1204506140
10715,1576267187
10716,822497200
10717,655827080
10718,1272845943
10719,1105950270
10720,1968402659
10721,504774443
10722,1987111252
10723,153410753
10724,1557303039
10725,411047535
10726,1539884692
10727,1633638869
10728,821490715
10729,1813311288
10730,1186965955
10731,1095934189
10732,248841526
10733,431512878
10734,729928632
10735,582218308
10736,1414798456
10737,1053598720
10738,1905620831
10739,690690014
10740,1973167211
10741,1612520552
10742,1413800048
10743,1030952645
10744,547902717
10745,1839042369
10746,1413070769
10747,1006036775
10748,284881226
10749,1013308294
10750,501989333
10751,1351647281
10752,1408585107
10753,1977141051
10754,530108696
10755,983836740
10756,1667440894
10757,1513792900
10758,188584448
10759,1892260386
10760,334764192
10761,1519078886
10762,1367081438
10763,1853027710
10764,373899892
10765,75617846
10766,1560616068
10767,1369988079
10768,705654131
10769,888192716
10770,509626030
10771,1276583419
10772,1910403168
10773,1770045356
10774,328904560
10775,391819878
10776,1674017253
10777,1755267231
10778,1495385429
10779,405299953
10780,1595665559
10781,20735105
10782,1144926709
10783,1792829019
10784,429015338
10785,930244777
10786,1180583751
10787,76057098
10788,1264864804
10789,896405912
10790,1436138389
10791,402234834
10792,1454395410
10793,998497375
10794,1971177217
10795,979645048
10796,988490858
10797,370047339
10798,1454915827
10799,704356441
10800,1490125419
10801,1957944244
10802,1664521789
10803,407381670
10804,509602794
10805,48486728
10806,1487922624
10807,326736551
10808,559554708
10809,345311551
10810,1775331509
10811,1604858819
10812,577907586
10813,881968137
10814,166931624
10815,129632600
10816,477080770
10817,1015351469
10818,26201231
10819,1088273392
10820,256168884
10821,986693701
10822,598747088
10823,938012836
10824,725694972
10825,961943201
10826,1692509910
10827,1142245471
10828,1936967720
10829,1487191702
10830,852463945
10831,248690602
10832,188227417
10833,1276174453
10834,1297912922
10835,869501520
10836,1079983057
10837,1962253382
10838,273734658
10839,861501558
10840,1630081939
10841,373019549
10842,567495134
10843,1354829730
10844,1407230244
10845,1020067819
10846,1259380787
10847,800467238
10848,1175353226
10849,78377676
10850,1884627326
10851,996016079
10852,55408699
10853,973537601
10854,1091926477
10855,339749949
10856,1891482139
10857,1285606335
10858,488992195
10859,1750334248
10860,1258014379
10861,265759876
10862,133926226
10863,790562358
10864,162887263
10865,580947762
10866,600133881
10867,547840785
10868,597821877
10869,138729645
10870,151895962
10871,1498270609
10872,240397786
10873,305086214
10874,315428144
10875,1560966
10876,53711376
10877,54598727
10878,1669382397
10879,389424783
10880,1342914128
10881,1073654558
10882,934884478
10883,461517149
10884,611350597
10885,565030295
10886,1625636345
10887,1856395405
10888,1397180700
10889,174106804
10890,930795226
10891,687680392
10892,575062425
10893,567346418
10894,1802880065
10895,1845053478
10896,1847999616
10897,757437026
10898,82209719
10899,982470790
10900,1976801847
10901,1516656741
10902,1594730138
10903,1643274347
10904,929222827
10905,1669122437
10906,441549507
10907,209805289
10908,1552386884
10909,1040865400
10910,822314628
10911,933096879
10912,1742684555
10913,1522749647
10914,920701949
10915,127572054
10916,1024739641
10917,1863960243
10918,1063065106
10919,612907194
10920,243876831
10921,915105149
10922,1388358234
10923,805121193
10924,1263805504
10925,277928884
10926,1921270854
10927,1712858359
10928,1836931274
10929,1134308700
10930,1395456861
10931,1330675974
10932,150818851
10933,1342770135
10934,606493532
10935,1849522850
10936,928013990
10937,558167984
10938,92086369
10939,25799059
10940,941579056
10941,1763212734
10942,104222323
10943,1333586281
10944,783890090
10945,192903942
10946,1757171077
10947,859623987
10948,1525085773
10949,1719682310
10950,1004368432
10951,1762040176
10952,375499093
10953,6369098
10954,1306018804
10955,928169972
10956,1158848355
10957,1654656553
10958,1651534474
10959,1591301663
10960,338681729
10961,1328583061
10962,99602002
10963,1560584673
10964,988492060
10965,1848594788
10966,1422444624
10967,11186276
10968,1114666375
10969,137278856
10970,1673953396
10971,1782653897
10972,252727292
10973,231059970
10974,856805186
10975,545463756
10976,1937594467
10977,1019728472
10978,606439448
10979,594191068
10980,1451703471
10981,854680388
10982,840072657
10983,1794674951
10984,1935679174
10985,840660687
10986,1886482919
10987,1403786649
10988,627844978
10989,753870865
10990,99502881
10991,996792735
10992,326623810
10993,1666928107
10994,945009443
10995,1730872655
10996,479874336
10997,734456559
10998,1332924283
10999,1933729488
11000,726705574
11001,1329330274
11002,1124766416
11003,50672219
11004,896627527
11005,762429000
11006,960719198
11007,911356236
11008,1438111255
11009,346600987
11010,444823892
11011,1913428795
11012,1471347073
11013,1782747492
11014,161512346
11015,979175461
11016,1034682612
11017,711986896
11018,1645950560
11019,1435017435
11020,1744311531
11021,948810956
11022,1151928057
11023,1224439809
11024,314909579
11025,1519668079
11026,1905088918
11027,1210446830
11028,1260528830
11029,990491115
11030,833283832
11031,927082300
11032,807189698
11033,312769553
11034,1306443859
11035,656866757
11036,1221921181
11037,1013997164
11038,198122977
11039,614186751
11040,1625408628
11041,63453275
11042,544925893
11043,244369044
11044,24099593
11045,1612425073
11046,364714482
11047,848467533
11048,930071187
11049,98105247
11050,1281415758
11051,991555314
11052,167658997
11053,1464035468
11054,888081515
11055,533264890
11056,1250632526
11057,633553196
11058,804027564
11059,503944610
11060,1939917736
11061,1479665850
11062,1343341261
11063,1261713810
11064,1712270461
11065,1576799294
11066,705901163
11067,98708939
11068,62303850
11069,1416416025
11070,971083935
11071,1467277077
11072,1804350661
11073,1943616945
11074,1481997354
11075,1348313267
11076,325253478
11077,1419584949
11078,892240580
11079,1722609434
11080,69363290
11081,155248620
11082,534858008
11083,899069817
11084,1926836530
11085,371448157
11086,1690991098
11087,1491941908
11088,427385478
11089,1810322013
11090,141740611
11091,1937903178
11092,752270960
11093,818998051
11094,1615320385
11095,1320989203
11096,36329058
11097,1735301980
11098,560486745
11099,1666481160
11100,1350915441
11101,1551061867
11102,1888427836
11103,1403248672
11104,1814252566
11105,1914572817
11106,679937375
11107,1279320010
11108,638217658
11109,322313087
11110,1736795904
11111,190772168
11112,558794578
11113,84212196
11114,349415732
11115,1956270639
11116,1162831535
11117,1712147230
11118,480272912
11119,244518834
11120,845878422
11121,367061919
11122,1920308564
11123,1109884273
11124,1614638983
11125,700613209
11126,424605237
11127,1284993663
11128,202438270
11129,417764102
11130,1027446437
11131,431313559
11132,170959514
11133,1910947701
11134,273175755
11135,240513901
11136,745768541
11137,206080488
11138,925101571
11139,1848481063
11140,698567181
11141,394848061
11142,33056025
11143,907466358
11144,1765823667
11145,795431219
11146,1535810675
11147,1135240869
11148,422301578
11149,1433913230
11150,810817523
11151,1507670118
11152,1042541604
11153,734943941
11154,776937210
11155,560965659
11156,1588014084
11157,1851733664
11158,139190169
11159,1260287655
11160,982304185
11161,1343065972
11162,13138910
11163,684569498
11164,682775665
11165,410950840
11166,1356187156
11167,1637701104
11168,489130193
11169,25806146
11170,720936850
11171,1157686426
11172,226827591
11173,1044873885
11174,1626801955
11175,1404395516
11176,240586020
11177,548338565
11178,373971132
11179,357521759
11180,547736329
11181,1663854403
11182,1755073434
11183,28543571
11184,566581052
11185,932453842
11186,840435419
11187,198483547
11188,99931719
11189,279990534
11190,836676983
11191,572326356
11192,1272062815
11193,1130544274
11194,1813583459
11195,1673425707
11196,1523888429
11197,151647870
11198,787748430
11199,1294626555
11200,1890246721
11201,1029461888
11202,1725908635
11203,469210395
11204,217358355
11205,1410263446
11206,1784145204
11207,1948827495
11208,1302462374
11209,1139422318
11210,1155134838
11211,1441041177
11212,1048342464
11213,692327956
11214,1221563060
11215,1553637714
11216,1243603401
11217,1072707879
11218,1099295395
11219,600464631
11220,1379379957
11221,1220806497
11222,1175374759
11223,740740327
11224,1092371264
11225,1550214746
11226,1794976974
11227,1889315815
11228,676328686
11229,1968564514
11230,1962235444
11231,829947096
11232,966095212
11233,620125780
11234,610087352
11235,1221436290
11236,95964483
11237,1202442923
11238,1399165664
11239,1726959785
11240,18387815
11241,233402204
11242,1954384593
11243,1984535904
11244,1987025531
11245,745916083
11246,1898919651
11247,423205113
11248,1805064246
11249,546100037
11250,480060800
11251,614828189
11252,1633735090
11253,113364339
11254,363996730
11255,1058259736
11256,1130301349
11257,1408250304
11258,1683153053
11259,600207530
11260,1624020257
11261,1401907041
11262,1165542018
11263,1274888331
11264,458477370
11265,597623602
11266,455101386
11267,961241794
11268,133666241
11269,1520626219
11270,95111790
11271,1946522566
11272,1625709841
11273,1095675528
11274,84155163
11275,579649155
11276,1080309827
11277,1662224076
11278,919635004
11279,678165165
11280,1260832967
11281,900401757
11282,128978297
11283,593460148
11284,1268964860
11285,1799026067
11286,1671384452
11287,1545861208
11288,1137824079
11289,1673241764
11290,794767959
11291,739445773
11292,1617002907
11293,1272627397
11294,1875211550
11295,838183960
11296,1129617641
11297,92726690
11298,756557678
11299,1336426291
11300,519762706
11301,1180388851
11302,350469478
11303,1795527357
11304,818824173
11305,903410712
11306,1134281099
11307,346901042
11308,1406783892
11309,1613771764
11310,946864774
11311,465436682
11312,1728981793
11313,1828609026
11314,945044284
11315,92148495
11316,1465155739
11317,627384768
11318,1480471133
11319,707028342
11320,304228710
11321,1417973711
11322,102190251
11323,1305826673
11324,1808133268
11325,1684090357
11326,1784729705
11327,1507526485
11328,1377349513
11329,1885806978
11330,1971770875
11331,1880707907
11332,582915283
11333,1122285132
11334,1726601519
11335,873793178
11336,1064255382
11337,1904832332
11338,1396094064
11339,112643581
11340,758056392
11341,1608956018
11342,1420579590
11343,175395237
11344,726803834
11345,1569321972
11346,1936360238
11347,1756918602
11348,1950845681
11349,1651253103
11350,417921102
11351,686934752
11352,756992064
11353,1472333953
11354,773851320
11355,213002190
11356,797115698
11357,545291267
11358,1187534363
11359,1341775734
11360,1577320784
11361,840299215
11362,1572861481
11363,689334580
11364,665517763
11365,1009306787
11366,1614096690
11367,1626509286
11368,98081572
11369,135128842
11370,914928508
11371,955019745
11372,663919809
11373,990584110
11374,1192111425
11375,1866233571
11376,443603593
11377,1286545450
11378,234873378
11379,328635386
11380,1337504176
11381,225392543
11382,1276131618
11383,1268872589
11384,1152235694
11385,1598561931
11386,1530700143
11387,1026084201
11388,340562623
11389,1262253311
11390,151476362
11391,285356796
11392,1186329014
11393,1662481635
11394,1824823368
11395,761771139
11396,1427791562
11397,456026435
11398,1603269505
11399,1182347125
11400,1965779066
11401,1721153463
11402,1932969297
11403,1599051873
11404,1862362778
11405,1752448439
11406,1041168598
11407,290094962
11408,346655878
11409,1992838050
11410,543912778
11411,306746174
11412,1723359932
11413,359399160
11414,1873394293
11415,365185548
11416,773823401
11417,779147745
11418,1906399534
11419,165814375
11420,480156852
11421,66009619
11422,1659918717
11423,415588178
11424,1385558842
11425,1714122318
11426,300315523
11427,757121887
11428,235836881
11429,78963338
11430,914415578
11431,288224521
11432,1513952241
11433,1424624191
11434,566208055
11435,451997986
11436,575787245
11437,1889968340
11438,1464960958
11439,1065861613
11440,692953416
11441,1968495367
11442,1919288860
11443,308739508
11444,821600099
11445,956475741
11446,241956397
11447,1491488771
11448,1252488525
11449,1209756579
11450,1207536911
11451,100649494
11452,512205804
11453,1591849524
11454,477037812
11455,59162092
11456,660886781
11457,285257609
11458,289803682
11459,875958153
11460,1328603267
11461,198903121
11462,983540159
11463,1137337819
11464,1445977940
11465,1547273948
11466,1736240383
11467,901187196
11468,1927476751
11469,366153120
11470,1090176667
11471,219812374
11472,760034423
11473,749801982
11474,790285707
11475,76488315
11476,316311752
11477,1596217886
11478,999468865
11479,390316749
11480,842064643
11481,1034670978
11482,101801009
11483,714715292
11484,1580376569
11485,1510423749
11486,1588507022
11487,617363155
11488,1650647831
11489,762605719
11490,300045969
11491,980545242
11492,1409625993
11493,1836413605
11494,1747823957
11495,555570462
11496,492684364
11497,1690124692
11498,1460699365
11499,1773188335
11500,1988641048
11501,1825829364
11502,1243598965
11503,183300391
11504,289444971
11505,543992522
11506,1328713371
11507,587740793
11508,1974723149
11509,142063946
11510,360337056
11511,335648566
11512,1925512573
11513,1516797557
11514,114185875
11515,1919652411
11516,1350886208
11517,1459829877
11518,1522647504
11519,1197819608
11520,588369602
11521,634850732
11522,793167082
11523,1628249784
11524,894667432
11525,837846278
11526,15659452
11527,548751044
11528,640311983
11529,240621993
11530,668293038
11531,1443809572
11532,1391960871
11533,121609398
11534,1638392920
11535,830490941
11536,1774615583
11537,425553209
11538,1824300318
11539,1859095167
11540,1843824294
11541,60897307
11542,1572651381
11543,436708014
11544,81364154
11545,797122901
11546,66448511
11547,763305664
11548,879816165
11549,432705197
11550,1699430234
11551,803523147
11552,1577834281
11553,342876766
11554,67204527
11555,164248035
11556,639600660
11557,1083403533
11558,1577946636
11559,859291547
11560,1531215455
11561,1203828789
11562,1935942546
11563,1270647619
11564,690844010
11565,1568195764
11566,942361611
11567,1188830122
11568,333691076
11569,1487154189
11570,966435737
11571,687741197
11572,1226482720
11573,262438032
11574,636613681
11575,355652814
11576,864723872
11577,1040068147
11578,1455011393
11579,143659093
11580,28261661
11581,27110378
11582,10978929
11583,1971973457
11584,991207480
11585,839763709
11586,875294870
11587,637553111
11588,1169573697
11589,874493986
11590,308058611
11591,244822118
11592,162368597
11593,1134189722
11594,434657305
11595,301296349
11596,588371770
11597,897498889
11598,1166398046
11599,357917322
11600,886525528
11601,263271045
11602,1645314319
11603,1678764627
11604,1871087071
11605,1686307027
11606,664715841
11607,630614080
11608,1008799836
11609,380591760
11610,1905223067
11611,386301203
11612,1972356657
11613,1335520803
11614,1198989824
11615,1447279045
11616,353707105
11617,1519450310
11618,245284311
11619,1477037264
11620,903913129
11621,1137116747
11622,894475164
11623,1568213169
11624,1885439708
11625,395526879
11626,1916368219
11627,918078807
11628,452215984
11629,1685285578
11630,1444887978
11631,697074957
11632,1059036368
11633,679396661
11634,1536575521
11635,1615987334
11636,1831668176
11637,947641143
11638,1006832509
11639,754868297
11640,731303861
11641,571980367
11642,63032415
11643,1909931301
11644,275464532
11645,1848695753
11646,462214965
11647,1855861856
11648,283090026
11649,788453609
11650,1241840774
11651,732072504
11652,114701837
11653,1841421886
11654,1684297960
11655,778362314
11656,478026826
11657,278283794
11658,1136091524
11659,508234389
11660,1695165178
11661,70375544
11662,338644916
11663,52907686
11664,1575634872
11665,1047316839
11666,140967198
11667,1558746259
11668,1023163418
11669,1024383561
11670,1322898056
11671,437273414
11672,1703573029
11673,239208767
11674,940844252
11675,98840695
11676,1990569760
11677,947948001
11678,1725152723
11679,827123352
11680,969030699
11681,1032615190
11682,285846610
11683,1773891305
11684,1804556495
11685,1552505705
11686,1019884897
11687,956006494
11688,561313024
11689,793892746
11690,1499437
11691,879490340
11692,148040712
11693,893550273
11694,1083844746
11695,857911934
11696,92278731
11697,1866764218
11698,39133045
11699,804137060
11700,1063241086
11701,134956000
11702,898833986
11703,79252770
11704,818923810
11705,598130308
11706,1234493977
11707,1868581606
11708,1975221213
11709,1943358457
11710,452522992
11711,492159378
11712,1927335175
11713,1578998165
11714,1714145679
11715,837476897
11716,1286051249
11717,579391851
11718,697424313
11719,911122702
11720,997606808
11721,690424056
11722,757570932
11723,1024174486
11724,1507837685
11725,1993199926
11726,1990053723
11727,990307005
11728,994189186
11729,1782153313
11730,923123642
11731,916153183
11732,404489513
11733,1566706742
11734,678020748
11735,200167227
11736,578825097
11737,747410032
11738,1693373024
11739,57119687
11740,1481046418
11741,472498515
11742,440174628
11743,1266560307
11744,1906666091
11745,368119570
11746,1821348169
11747,1113488582
11748,1127545683
11749,799079313
11750,820962410
11751,1735955228
11752,765812196
11753,1704483814
11754,325523166
11755,578198242
11756,235407189
11757,36315075
11758,1883161153
11759,1184287399
11760,286910307
11761,1189650648
11762,320269503
11763,1046924360
11764,1862605704
11765,1016727380
11766,208932450
11767,730386634
11768,1572755299
11769,1135452339
11770,1837467482
11771,210309052
11772,1921712959
11773,956286803
11774,1375203286
11775,1700745069
11776,304113846
11777,1855432324
11778,1834126947
11779,17621563
11780,681007842
11781,914599504
11782,134598051
11783,1535776078
11784,824640029
11785,623722353
11786,1654916036
11787,390042929
11788,390170813
11789,415802058
11790,52584287
11791,198897193
11792,948805707
11793,284266540
11794,1823954336
11795,359893212
11796,1003959442
11797,975621917
11798,1503004418
11799,45475851
11800,409426907
11801,234054113
11802,594712588
11803,44902791
11804,962369827
11805,947472164
11806,1608849953
11807,362699310
11808,1463633880
11809,250797852
11810,1400589059
11811,1894940771
11812,896823085
11813,1009259334
11814,229294452
11815,1898881487
11816,216732633
11817,932673260
11818,364456146
11819,969199347
11820,660679426
11821,1508492229
11822,1801517801
11823,230768222
11824,67693139
11825,1209717208
11826,1016816631
11827,1816028987
11828,456525230
11829,1586212825
11830,898319948
11831,1799076713
11832,710852051
11833,1499101501
11834,1511695374
11835,1388195334
11836,1552944417
11837,394644876
11838,1044733907
11839,205193760
11840,436965567
11841,1838769017
11842,1224689928
11843,493341939
11844,14265075
11845,88792485
11846,1513113131
11847,387608338
11848,1221143017
11849,721960583
11850,1554759852
11851,370918821
11852,1991682076
11853,1601707369
11854,38290748
11855,1065479067
11856,463648344
11857,563625063
11858,886541826
11859,1885471077
11860,614376499
11861,632933592
11862,980926794
11863,270685300
11864,1661954044
11865,835073236
11866,618328150
11867,522613527
11868,159424728
11869,462571565
11870,341991931
11871,79925678
11872,1786071764
11873,873280049
11874,594139547
11875,285897214
11876,1815128408
11877,995571725
11878,1197128228
11879,1644969917
11880,1757451897
11881,271403990
11882,1349070679
11883,618116839
11884,1007030467
11885,1297938550
11886,1966787911
11887,1915567996
11888,1765923473
11889,593815642
11890,1483427007
11891,1378232428
11892,806054229
11893,164004085
11894,329437880
11895,1531118984
11896,1699636052
11897,1050872965
11898,1277446020
11899,634726991
11900,1000241723
11901,220206847
11902,145018453
11903,1405868490
11904,1136359778
11905,1630791907
11906,963871545
11907,37034991
11908,1111177392
11909,1542551680
11910,992866456
11911,1420892412
11912,296184179
11913,103753142
11914,1640057628
11915,859564475
11916,677967494
11917,207916028
11918,41845712
11919,1502693480
11920,1779887185
11921,73729708
11922,1091216246
11923,1796553126
11924,1042261681
11925,1136833007
11926,1531066675
11927,1305128079
11928,1668597680
11929,1114394260
11930,1089707585
11931,1122102128
11932,1651138826
11933,1609485918
11934,451827473
11935,901321359
11936,1037223224
11937,1873943298
11938,315065342
11939,175764369
11940,1780523817
11941,1396630946
11942,1059058082
11943,529613440
11944,892719988
11945,845200287
11946,473337577
11947,1550173917
11948,1875905342
11949,488868545
11950,944812859
11951,322460865
11952,115816214
11953,1842526087
11954,1500374658
11955,1829614460
11956,1837554138
11957,1249224132
11958,946735629
11959,706329578
11960,309693328
11961,921297716
11962,924865896
11963,492181627
11964,1785688960
11965,1082667648
11966,1722636015
11967,38155964
11968,298288682
11969,526110200
11970,346022031
11971,1934406012
11972,674079246
11973,1238801756
11974,450249590
11975,168138085
11976,1118349959
11977,791583616
11978,375409989
11979,1763672971
11980,27214571
11981,1193499987
11982,497263252
11983,30741673
11984,1393178446
11985,1278869179
11986,674613642
11987,583002303
11988,4349770
11989,656670466
11990,136954307
11991,1982123721
11992,878095380
11993,47372083
11994,1007515234
11995,1762198902
11996,1309022131
11997,194216574
11998,470379160
11999,901157156
12000,340716095
